ctime,datname,pid,usesysid,usename,application_name,client_addr,client_port,backend_start,xact_start,query_start,waiting,query,state,state_change
1418068735.98107,dbt3,672,10,mark,psql,,-1,2014-12-08 20:58:55.976771+01,2014-12-08 20:58:55.978066+01,2014-12-08 20:58:55.978066+01,f,COPY supplier FROM '/AXLE/mark/dbt3/dss/supplier.tbl' USING DELIMITERS '|';,active,2014-12-08 20:58:55.978072+01
1418068735.98107,dbt3,675,10,mark,psql,,-1,2014-12-08 20:58:55.977246+01,2014-12-08 20:58:55.978938+01,2014-12-08 20:58:55.978938+01,f,COPY customer FROM '/AXLE/mark/dbt3/dss/customer.tbl' USING DELIMITERS '|';,active,2014-12-08 20:58:55.978943+01
1418068735.98107,dbt3,676,10,mark,psql,,-1,2014-12-08 20:58:55.977531+01,2014-12-08 20:58:55.979172+01,2014-12-08 20:58:55.979172+01,f,COPY orders FROM '/AXLE/mark/dbt3/dss/orders.tbl' USING DELIMITERS '|';,active,2014-12-08 20:58:55.979178+01
1418068735.98107,dbt3,677,10,mark,psql,,-1,2014-12-08 20:58:55.977704+01,2014-12-08 20:58:55.979467+01,2014-12-08 20:58:55.979467+01,f,COPY part FROM '/AXLE/mark/dbt3/dss/part.tbl' USING DELIMITERS '|';,active,2014-12-08 20:58:55.979472+01
1418068735.98107,dbt3,678,10,mark,psql,,-1,2014-12-08 20:58:55.977793+01,2014-12-08 20:58:55.979624+01,2014-12-08 20:58:55.979624+01,f,COPY partsupp FROM '/AXLE/mark/dbt3/dss/partsupp.tbl' USING DELIMITERS '|';,active,2014-12-08 20:58:55.979629+01
1418068735.98107,dbt3,680,10,mark,psql,,-1,2014-12-08 20:58:55.978221+01,2014-12-08 20:58:55.98029+01,2014-12-08 20:58:55.98029+01,f,"COPY (SELECT EXTRACT(EPOCH FROM TRANSACTION_TIMESTAMP()) AS ctime, relname, pid, mode, granted FROM pg_locks, pg_class WHERE relfilenode = relation ORDER BY relname) TO STDOUT (FORMAT CSV, HEADER);",active,2014-12-08 20:58:55.980296+01
1418068735.98107,dbt3,679,10,mark,psql,,-1,2014-12-08 20:58:55.978087+01,2014-12-08 20:58:55.979998+01,2014-12-08 20:58:55.979998+01,f,COPY lineitem FROM '/AXLE/mark/dbt3/dss/lineitem.tbl' USING DELIMITERS '|';,active,2014-12-08 20:58:55.980002+01
1418068735.98107,dbt3,682,10,mark,psql,,-1,2014-12-08 20:58:55.978496+01,2014-12-08 20:58:55.980002+01,2014-12-08 20:58:55.980002+01,f,"COPY (SELECT EXTRACT(EPOCH FROM TRANSACTION_TIMESTAMP()) AS ctime, datname, numbackends, xact_commit, xact_rollback, blks_read, blks_hit, tup_returned, tup_fetched, tup_inserted, tup_updated, tup_deleted FROM pg_stat_database) TO STDOUT (FORMAT CSV, HEADER);",active,2014-12-08 20:58:55.980007+01
1418068735.98107,dbt3,683,10,mark,psql,,-1,2014-12-08 20:58:55.978584+01,,2014-12-08 20:58:55.980061+01,f,COPY region FROM '/AXLE/mark/dbt3/dss/region.tbl' USING DELIMITERS '|';,idle,2014-12-08 20:58:55.983172+01
1418068735.98107,dbt3,684,10,mark,psql,,-1,2014-12-08 20:58:55.978711+01,2014-12-08 20:58:55.981071+01,2014-12-08 20:58:55.981071+01,f,"COPY (SELECT EXTRACT(EPOCH FROM TRANSACTION_TIMESTAMP()) AS ctime, datname, pid, usesysid, usename, application_name, client_addr, client_port, backend_start, xact_start, query_start, waiting, query , state, state_change FROM pg_stat_activity) TO STDOUT (FORMAT CSV, HEADER);",active,2014-12-08 20:58:55.981078+01
1418068735.98107,dbt3,685,10,mark,psql,,-1,2014-12-08 20:58:55.978773+01,2014-12-08 20:58:55.98017+01,2014-12-08 20:58:55.98017+01,f,"COPY (SELECT EXTRACT(EPOCH FROM TRANSACTION_TIMESTAMP()) AS ctime, a.schemaname, a.relname, seq_scan, seq_tup_read, idx_scan, idx_tup_fetch, n_tup_ins, n_tup_upd, n_tup_del, n_tup_hot_upd, n_live_tup, n_dead_tup, heap_blks_read, heap_blks_hit, idx_blks_read, idx_blks_hit, toast_blks_read, toast_blks_hit, tidx_blks_read, tidx_blks_hit FROM pg_statio_all_tables a, pg_stat_all_tables b WHERE a.relid = b.relid) TO STDOUT (FORMAT CSV, HEADER);",active,2014-12-08 20:58:55.980174+01
1418068735.98107,dbt3,686,10,mark,psql,,-1,2014-12-08 20:58:55.978889+01,2014-12-08 20:58:55.980721+01,2014-12-08 20:58:55.980721+01,f,"COPY (SELECT EXTRACT(EPOCH FROM TRANSACTION_TIMESTAMP()) AS ctime, a.schemaname, a.relname, a.indexrelname, idx_scan, idx_tup_read, idx_tup_fetch, idx_blks_read, idx_blks_hit FROM pg_stat_all_indexes a, pg_statio_all_indexes b WHERE a.indexrelid = b.indexrelid) TO STDOUT (FORMAT CSV, HEADER);",active,2014-12-08 20:58:55.980727+01
1418068795.98201,dbt3,734,10,mark,psql,,-1,2014-12-08 20:59:55.980252+01,2014-12-08 20:59:55.982048+01,2014-12-08 20:59:55.982048+01,f,"COPY (SELECT EXTRACT(EPOCH FROM TRANSACTION_TIMESTAMP()) AS ctime, relname, pid, mode, granted FROM pg_locks, pg_class WHERE relfilenode = relation ORDER BY relname) TO STDOUT (FORMAT CSV);",active,2014-12-08 20:59:55.982052+01
1418068795.98201,dbt3,735,10,mark,psql,,-1,2014-12-08 20:59:55.980312+01,2014-12-08 20:59:55.982009+01,2014-12-08 20:59:55.982009+01,f,"COPY (SELECT EXTRACT(EPOCH FROM TRANSACTION_TIMESTAMP()) AS ctime, datname, pid, usesysid, usename, application_name, client_addr, client_port, backend_start, xact_start, query_start, waiting, query , state, state_change FROM pg_stat_activity) TO STDOUT (FORMAT CSV);",active,2014-12-08 20:59:55.982015+01
1418068795.98201,dbt3,676,10,mark,psql,,-1,2014-12-08 20:58:55.977531+01,2014-12-08 20:58:55.979172+01,2014-12-08 20:58:55.979172+01,f,COPY orders FROM '/AXLE/mark/dbt3/dss/orders.tbl' USING DELIMITERS '|';,active,2014-12-08 20:58:55.979178+01
1418068795.98201,dbt3,736,10,mark,psql,,-1,2014-12-08 20:59:55.980395+01,2014-12-08 20:59:55.982079+01,2014-12-08 20:59:55.982079+01,f,"COPY (SELECT EXTRACT(EPOCH FROM TRANSACTION_TIMESTAMP()) AS ctime, a.schemaname, a.relname, seq_scan, seq_tup_read, idx_scan, idx_tup_fetch, n_tup_ins, n_tup_upd, n_tup_del, n_tup_hot_upd, n_live_tup, n_dead_tup, heap_blks_read, heap_blks_hit, idx_blks_read, idx_blks_hit, toast_blks_read, toast_blks_hit, tidx_blks_read, tidx_blks_hit FROM pg_statio_all_tables a, pg_stat_all_tables b WHERE a.relid = b.relid) TO STDOUT (FORMAT CSV);",active,2014-12-08 20:59:55.982085+01
1418068795.98201,dbt3,678,10,mark,psql,,-1,2014-12-08 20:58:55.977793+01,2014-12-08 20:58:55.979624+01,2014-12-08 20:58:55.979624+01,f,COPY partsupp FROM '/AXLE/mark/dbt3/dss/partsupp.tbl' USING DELIMITERS '|';,active,2014-12-08 20:58:55.979629+01
1418068795.98201,dbt3,737,10,mark,psql,,-1,2014-12-08 20:59:55.980497+01,2014-12-08 20:59:55.982009+01,2014-12-08 20:59:55.982009+01,f,"COPY (SELECT EXTRACT(EPOCH FROM TRANSACTION_TIMESTAMP()) AS ctime, a.schemaname, a.relname, a.indexrelname, idx_scan, idx_tup_read, idx_tup_fetch, idx_blks_read, idx_blks_hit FROM pg_stat_all_indexes a, pg_statio_all_indexes b WHERE a.indexrelid = b.indexrelid) TO STDOUT (FORMAT CSV);",active,2014-12-08 20:59:55.982015+01
1418068795.98201,dbt3,733,10,mark,psql,,-1,2014-12-08 20:59:55.980136+01,2014-12-08 20:59:55.982886+01,2014-12-08 20:59:55.982886+01,f,"COPY (SELECT EXTRACT(EPOCH FROM TRANSACTION_TIMESTAMP()) AS ctime, datname, numbackends, xact_commit, xact_rollback, blks_read, blks_hit, tup_returned, tup_fetched, tup_inserted, tup_updated, tup_deleted FROM pg_stat_database) TO STDOUT (FORMAT CSV);",active,2014-12-08 20:59:55.98289+01
1418068795.98201,dbt3,679,10,mark,psql,,-1,2014-12-08 20:58:55.978087+01,2014-12-08 20:58:55.979998+01,2014-12-08 20:58:55.979998+01,f,COPY lineitem FROM '/AXLE/mark/dbt3/dss/lineitem.tbl' USING DELIMITERS '|';,active,2014-12-08 20:58:55.980002+01
1418068795.98201,dbt3,720,10,mark,psql,,-1,2014-12-08 20:59:24.307246+01,2014-12-08 20:59:24.312407+01,2014-12-08 20:59:24.312407+01,f,"
CREATE INDEX part_p_container_p_brand_p_partkey_idx
ON part(p_container, p_brand, p_partkey);",active,2014-12-08 20:59:24.312411+01
1418068855.98385,dbt3,773,10,mark,psql,,-1,2014-12-08 21:00:55.982223+01,2014-12-08 21:00:55.983844+01,2014-12-08 21:00:55.983844+01,f,"COPY (SELECT EXTRACT(EPOCH FROM TRANSACTION_TIMESTAMP()) AS ctime, datname, numbackends, xact_commit, xact_rollback, blks_read, blks_hit, tup_returned, tup_fetched, tup_inserted, tup_updated, tup_deleted FROM pg_stat_database) TO STDOUT (FORMAT CSV);",active,2014-12-08 21:00:55.983848+01
1418068855.98385,dbt3,764,10,mark,psql,,-1,2014-12-08 21:00:39.969532+01,2014-12-08 21:00:39.979292+01,2014-12-08 21:00:39.979292+01,f,"
ALTER TABLE partsupp
ADD CONSTRAINT pk_partsupp
PRIMARY KEY (ps_partkey, ps_suppkey);",active,2014-12-08 21:00:39.979297+01
1418068855.98385,dbt3,676,10,mark,psql,,-1,2014-12-08 20:58:55.977531+01,2014-12-08 20:58:55.979172+01,2014-12-08 20:58:55.979172+01,f,COPY orders FROM '/AXLE/mark/dbt3/dss/orders.tbl' USING DELIMITERS '|';,active,2014-12-08 20:58:55.979178+01
1418068855.98385,dbt3,774,10,mark,psql,,-1,2014-12-08 21:00:55.98231+01,2014-12-08 21:00:55.983854+01,2014-12-08 21:00:55.983854+01,f,"COPY (SELECT EXTRACT(EPOCH FROM TRANSACTION_TIMESTAMP()) AS ctime, datname, pid, usesysid, usename, application_name, client_addr, client_port, backend_start, xact_start, query_start, waiting, query , state, state_change FROM pg_stat_activity) TO STDOUT (FORMAT CSV);",active,2014-12-08 21:00:55.983858+01
1418068855.98385,dbt3,775,10,mark,psql,,-1,2014-12-08 21:00:55.982388+01,2014-12-08 21:00:55.983855+01,2014-12-08 21:00:55.983855+01,f,"COPY (SELECT EXTRACT(EPOCH FROM TRANSACTION_TIMESTAMP()) AS ctime, a.schemaname, a.relname, a.indexrelname, idx_scan, idx_tup_read, idx_tup_fetch, idx_blks_read, idx_blks_hit FROM pg_stat_all_indexes a, pg_statio_all_indexes b WHERE a.indexrelid = b.indexrelid) TO STDOUT (FORMAT CSV);",active,2014-12-08 21:00:55.983859+01
1418068855.98385,dbt3,772,10,mark,psql,,-1,2014-12-08 21:00:55.982214+01,2014-12-08 21:00:55.984849+01,2014-12-08 21:00:55.984849+01,f,"COPY (SELECT EXTRACT(EPOCH FROM TRANSACTION_TIMESTAMP()) AS ctime, a.schemaname, a.relname, seq_scan, seq_tup_read, idx_scan, idx_tup_fetch, n_tup_ins, n_tup_upd, n_tup_del, n_tup_hot_upd, n_live_tup, n_dead_tup, heap_blks_read, heap_blks_hit, idx_blks_read, idx_blks_hit, toast_blks_read, toast_blks_hit, tidx_blks_read, tidx_blks_hit FROM pg_statio_all_tables a, pg_stat_all_tables b WHERE a.relid = b.relid) TO STDOUT (FORMAT CSV);",active,2014-12-08 21:00:55.984853+01
1418068855.98385,dbt3,776,10,mark,psql,,-1,2014-12-08 21:00:55.983106+01,2014-12-08 21:00:55.984577+01,2014-12-08 21:00:55.984577+01,f,"COPY (SELECT EXTRACT(EPOCH FROM TRANSACTION_TIMESTAMP()) AS ctime, relname, pid, mode, granted FROM pg_locks, pg_class WHERE relfilenode = relation ORDER BY relname) TO STDOUT (FORMAT CSV);",active,2014-12-08 21:00:55.984583+01
1418068855.98385,dbt3,679,10,mark,psql,,-1,2014-12-08 20:58:55.978087+01,2014-12-08 20:58:55.979998+01,2014-12-08 20:58:55.979998+01,f,COPY lineitem FROM '/AXLE/mark/dbt3/dss/lineitem.tbl' USING DELIMITERS '|';,active,2014-12-08 20:58:55.980002+01
1418068915.99021,dbt3,788,10,mark,psql,,-1,2014-12-08 21:01:55.98378+01,2014-12-08 21:01:55.989162+01,2014-12-08 21:01:55.989162+01,f,"COPY (SELECT EXTRACT(EPOCH FROM TRANSACTION_TIMESTAMP()) AS ctime, datname, numbackends, xact_commit, xact_rollback, blks_read, blks_hit, tup_returned, tup_fetched, tup_inserted, tup_updated, tup_deleted FROM pg_stat_database) TO STDOUT (FORMAT CSV);",active,2014-12-08 21:01:55.989168+01
1418068915.99021,dbt3,789,10,mark,psql,,-1,2014-12-08 21:01:55.983865+01,2014-12-08 21:01:55.989551+01,2014-12-08 21:01:55.989551+01,f,"COPY (SELECT EXTRACT(EPOCH FROM TRANSACTION_TIMESTAMP()) AS ctime, relname, pid, mode, granted FROM pg_locks, pg_class WHERE relfilenode = relation ORDER BY relname) TO STDOUT (FORMAT CSV);",active,2014-12-08 21:01:55.989557+01
1418068915.99021,dbt3,676,10,mark,psql,,-1,2014-12-08 20:58:55.977531+01,2014-12-08 20:58:55.979172+01,2014-12-08 20:58:55.979172+01,f,COPY orders FROM '/AXLE/mark/dbt3/dss/orders.tbl' USING DELIMITERS '|';,active,2014-12-08 20:58:55.979178+01
1418068915.99021,dbt3,790,10,mark,psql,,-1,2014-12-08 21:01:55.983977+01,2014-12-08 21:01:55.989929+01,2014-12-08 21:01:55.989929+01,f,"COPY (SELECT EXTRACT(EPOCH FROM TRANSACTION_TIMESTAMP()) AS ctime, a.schemaname, a.relname, seq_scan, seq_tup_read, idx_scan, idx_tup_fetch, n_tup_ins, n_tup_upd, n_tup_del, n_tup_hot_upd, n_live_tup, n_dead_tup, heap_blks_read, heap_blks_hit, idx_blks_read, idx_blks_hit, toast_blks_read, toast_blks_hit, tidx_blks_read, tidx_blks_hit FROM pg_statio_all_tables a, pg_stat_all_tables b WHERE a.relid = b.relid) TO STDOUT (FORMAT CSV);",active,2014-12-08 21:01:55.989983+01
1418068915.99021,dbt3,787,10,mark,psql,,-1,2014-12-08 21:01:55.983665+01,2014-12-08 21:01:55.990213+01,2014-12-08 21:01:55.990213+01,f,"COPY (SELECT EXTRACT(EPOCH FROM TRANSACTION_TIMESTAMP()) AS ctime, datname, pid, usesysid, usename, application_name, client_addr, client_port, backend_start, xact_start, query_start, waiting, query , state, state_change FROM pg_stat_activity) TO STDOUT (FORMAT CSV);",active,2014-12-08 21:01:55.990218+01
1418068915.99021,dbt3,791,10,mark,psql,,-1,2014-12-08 21:01:55.984054+01,2014-12-08 21:01:55.989864+01,2014-12-08 21:01:55.989864+01,f,"COPY (SELECT EXTRACT(EPOCH FROM TRANSACTION_TIMESTAMP()) AS ctime, a.schemaname, a.relname, a.indexrelname, idx_scan, idx_tup_read, idx_tup_fetch, idx_blks_read, idx_blks_hit FROM pg_stat_all_indexes a, pg_statio_all_indexes b WHERE a.indexrelid = b.indexrelid) TO STDOUT (FORMAT CSV);",active,2014-12-08 21:01:55.989868+01
1418068915.99021,dbt3,679,10,mark,psql,,-1,2014-12-08 20:58:55.978087+01,2014-12-08 20:58:55.979998+01,2014-12-08 20:58:55.979998+01,f,COPY lineitem FROM '/AXLE/mark/dbt3/dss/lineitem.tbl' USING DELIMITERS '|';,active,2014-12-08 20:58:55.980002+01
1418068975.98728,dbt3,807,10,mark,psql,,-1,2014-12-08 21:02:55.985483+01,2014-12-08 21:02:55.987054+01,2014-12-08 21:02:55.987054+01,f,"COPY (SELECT EXTRACT(EPOCH FROM TRANSACTION_TIMESTAMP()) AS ctime, datname, numbackends, xact_commit, xact_rollback, blks_read, blks_hit, tup_returned, tup_fetched, tup_inserted, tup_updated, tup_deleted FROM pg_stat_database) TO STDOUT (FORMAT CSV);",active,2014-12-08 21:02:55.987059+01
1418068975.98728,dbt3,797,10,mark,psql,,-1,2014-12-08 21:02:02.816531+01,2014-12-08 21:02:02.819539+01,2014-12-08 21:02:02.819539+01,f,"
CREATE INDEX orders_o_orderdate_o_orderkey_brin_idx
ON orders USING BRIN (o_orderdate, o_orderkey);",active,2014-12-08 21:02:02.819548+01
1418068975.98728,dbt3,796,10,mark,psql,,-1,2014-12-08 21:02:02.816339+01,2014-12-08 21:02:02.82005+01,2014-12-08 21:02:02.82005+01,f,"
CREATE INDEX orders_o_orderkey_o_orderdate_brin_idx
ON orders USING BRIN (o_orderkey, o_orderdate);",active,2014-12-08 21:02:02.820062+01
1418068975.98728,dbt3,808,10,mark,psql,,-1,2014-12-08 21:02:55.985598+01,2014-12-08 21:02:55.987137+01,2014-12-08 21:02:55.987137+01,f,"COPY (SELECT EXTRACT(EPOCH FROM TRANSACTION_TIMESTAMP()) AS ctime, a.schemaname, a.relname, a.indexrelname, idx_scan, idx_tup_read, idx_tup_fetch, idx_blks_read, idx_blks_hit FROM pg_stat_all_indexes a, pg_statio_all_indexes b WHERE a.indexrelid = b.indexrelid) TO STDOUT (FORMAT CSV);",active,2014-12-08 21:02:55.987142+01
1418068975.98728,dbt3,806,10,mark,psql,,-1,2014-12-08 21:02:55.985412+01,2014-12-08 21:02:55.987268+01,2014-12-08 21:02:55.987268+01,f,"COPY (SELECT EXTRACT(EPOCH FROM TRANSACTION_TIMESTAMP()) AS ctime, relname, pid, mode, granted FROM pg_locks, pg_class WHERE relfilenode = relation ORDER BY relname) TO STDOUT (FORMAT CSV);",active,2014-12-08 21:02:55.987274+01
1418068975.98728,dbt3,809,10,mark,psql,,-1,2014-12-08 21:02:55.985673+01,2014-12-08 21:02:55.987284+01,2014-12-08 21:02:55.987284+01,f,"COPY (SELECT EXTRACT(EPOCH FROM TRANSACTION_TIMESTAMP()) AS ctime, datname, pid, usesysid, usename, application_name, client_addr, client_port, backend_start, xact_start, query_start, waiting, query , state, state_change FROM pg_stat_activity) TO STDOUT (FORMAT CSV);",active,2014-12-08 21:02:55.987289+01
1418068975.98728,dbt3,810,10,mark,psql,,-1,2014-12-08 21:02:55.985781+01,2014-12-08 21:02:55.987292+01,2014-12-08 21:02:55.987292+01,f,"COPY (SELECT EXTRACT(EPOCH FROM TRANSACTION_TIMESTAMP()) AS ctime, a.schemaname, a.relname, seq_scan, seq_tup_read, idx_scan, idx_tup_fetch, n_tup_ins, n_tup_upd, n_tup_del, n_tup_hot_upd, n_live_tup, n_dead_tup, heap_blks_read, heap_blks_hit, idx_blks_read, idx_blks_hit, toast_blks_read, toast_blks_hit, tidx_blks_read, tidx_blks_hit FROM pg_statio_all_tables a, pg_stat_all_tables b WHERE a.relid = b.relid) TO STDOUT (FORMAT CSV);",active,2014-12-08 21:02:55.987297+01
1418068975.98728,dbt3,679,10,mark,psql,,-1,2014-12-08 20:58:55.978087+01,2014-12-08 20:58:55.979998+01,2014-12-08 20:58:55.979998+01,f,COPY lineitem FROM '/AXLE/mark/dbt3/dss/lineitem.tbl' USING DELIMITERS '|';,active,2014-12-08 20:58:55.980002+01
1418069035.99089,dbt3,821,10,mark,psql,,-1,2014-12-08 21:03:55.987443+01,2014-12-08 21:03:55.989434+01,2014-12-08 21:03:55.989434+01,f,"COPY (SELECT EXTRACT(EPOCH FROM TRANSACTION_TIMESTAMP()) AS ctime, a.schemaname, a.relname, a.indexrelname, idx_scan, idx_tup_read, idx_tup_fetch, idx_blks_read, idx_blks_hit FROM pg_stat_all_indexes a, pg_statio_all_indexes b WHERE a.indexrelid = b.indexrelid) TO STDOUT (FORMAT CSV);",active,2014-12-08 21:03:55.989438+01
1418069035.99089,dbt3,822,10,mark,psql,,-1,2014-12-08 21:03:55.987558+01,2014-12-08 21:03:55.989122+01,2014-12-08 21:03:55.989122+01,f,"COPY (SELECT EXTRACT(EPOCH FROM TRANSACTION_TIMESTAMP()) AS ctime, datname, numbackends, xact_commit, xact_rollback, blks_read, blks_hit, tup_returned, tup_fetched, tup_inserted, tup_updated, tup_deleted FROM pg_stat_database) TO STDOUT (FORMAT CSV);",active,2014-12-08 21:03:55.989127+01
1418069035.99089,dbt3,824,10,mark,psql,,-1,2014-12-08 21:03:55.988265+01,2014-12-08 21:03:55.990887+01,2014-12-08 21:03:55.990887+01,f,"COPY (SELECT EXTRACT(EPOCH FROM TRANSACTION_TIMESTAMP()) AS ctime, datname, pid, usesysid, usename, application_name, client_addr, client_port, backend_start, xact_start, query_start, waiting, query , state, state_change FROM pg_stat_activity) TO STDOUT (FORMAT CSV);",active,2014-12-08 21:03:55.990891+01
1418069035.99089,dbt3,825,10,mark,psql,,-1,2014-12-08 21:03:55.988334+01,2014-12-08 21:03:55.98976+01,2014-12-08 21:03:55.98976+01,f,"COPY (SELECT EXTRACT(EPOCH FROM TRANSACTION_TIMESTAMP()) AS ctime, a.schemaname, a.relname, seq_scan, seq_tup_read, idx_scan, idx_tup_fetch, n_tup_ins, n_tup_upd, n_tup_del, n_tup_hot_upd, n_live_tup, n_dead_tup, heap_blks_read, heap_blks_hit, idx_blks_read, idx_blks_hit, toast_blks_read, toast_blks_hit, tidx_blks_read, tidx_blks_hit FROM pg_statio_all_tables a, pg_stat_all_tables b WHERE a.relid = b.relid) TO STDOUT (FORMAT CSV);",active,2014-12-08 21:03:55.989764+01
1418069035.99089,dbt3,679,10,mark,psql,,-1,2014-12-08 20:58:55.978087+01,2014-12-08 20:58:55.979998+01,2014-12-08 20:58:55.979998+01,f,COPY lineitem FROM '/AXLE/mark/dbt3/dss/lineitem.tbl' USING DELIMITERS '|';,active,2014-12-08 20:58:55.980002+01
1418069095.99421,dbt3,834,10,mark,psql,,-1,2014-12-08 21:04:55.99007+01,2014-12-08 21:04:55.99167+01,2014-12-08 21:04:55.99167+01,f,"COPY (SELECT EXTRACT(EPOCH FROM TRANSACTION_TIMESTAMP()) AS ctime, datname, numbackends, xact_commit, xact_rollback, blks_read, blks_hit, tup_returned, tup_fetched, tup_inserted, tup_updated, tup_deleted FROM pg_stat_database) TO STDOUT (FORMAT CSV);",active,2014-12-08 21:04:55.991675+01
1418069095.99421,dbt3,835,10,mark,psql,,-1,2014-12-08 21:04:55.990226+01,2014-12-08 21:04:55.993266+01,2014-12-08 21:04:55.993266+01,f,"COPY (SELECT EXTRACT(EPOCH FROM TRANSACTION_TIMESTAMP()) AS ctime, a.schemaname, a.relname, seq_scan, seq_tup_read, idx_scan, idx_tup_fetch, n_tup_ins, n_tup_upd, n_tup_del, n_tup_hot_upd, n_live_tup, n_dead_tup, heap_blks_read, heap_blks_hit, idx_blks_read, idx_blks_hit, toast_blks_read, toast_blks_hit, tidx_blks_read, tidx_blks_hit FROM pg_statio_all_tables a, pg_stat_all_tables b WHERE a.relid = b.relid) TO STDOUT (FORMAT CSV);",active,2014-12-08 21:04:55.993276+01
1418069095.99421,dbt3,837,10,mark,psql,,-1,2014-12-08 21:04:55.991406+01,2014-12-08 21:04:55.994211+01,2014-12-08 21:04:55.994211+01,f,"COPY (SELECT EXTRACT(EPOCH FROM TRANSACTION_TIMESTAMP()) AS ctime, datname, pid, usesysid, usename, application_name, client_addr, client_port, backend_start, xact_start, query_start, waiting, query , state, state_change FROM pg_stat_activity) TO STDOUT (FORMAT CSV);",active,2014-12-08 21:04:55.994221+01
1418069095.99421,dbt3,838,10,mark,psql,,-1,2014-12-08 21:04:55.991736+01,2014-12-08 21:04:55.994481+01,2014-12-08 21:04:55.994481+01,f,"COPY (SELECT EXTRACT(EPOCH FROM TRANSACTION_TIMESTAMP()) AS ctime, a.schemaname, a.relname, a.indexrelname, idx_scan, idx_tup_read, idx_tup_fetch, idx_blks_read, idx_blks_hit FROM pg_stat_all_indexes a, pg_statio_all_indexes b WHERE a.indexrelid = b.indexrelid) TO STDOUT (FORMAT CSV);",active,2014-12-08 21:04:55.994491+01
1418069095.99421,dbt3,679,10,mark,psql,,-1,2014-12-08 20:58:55.978087+01,2014-12-08 20:58:55.979998+01,2014-12-08 20:58:55.979998+01,f,COPY lineitem FROM '/AXLE/mark/dbt3/dss/lineitem.tbl' USING DELIMITERS '|';,active,2014-12-08 20:58:55.980002+01
1418069155.99596,dbt3,847,10,mark,psql,,-1,2014-12-08 21:05:55.994413+01,2014-12-08 21:05:55.995958+01,2014-12-08 21:05:55.995958+01,f,"COPY (SELECT EXTRACT(EPOCH FROM TRANSACTION_TIMESTAMP()) AS ctime, datname, pid, usesysid, usename, application_name, client_addr, client_port, backend_start, xact_start, query_start, waiting, query , state, state_change FROM pg_stat_activity) TO STDOUT (FORMAT CSV);",active,2014-12-08 21:05:55.995963+01
1418069155.99596,dbt3,848,10,mark,psql,,-1,2014-12-08 21:05:55.994569+01,2014-12-08 21:05:55.997141+01,2014-12-08 21:05:55.997141+01,f,"COPY (SELECT EXTRACT(EPOCH FROM TRANSACTION_TIMESTAMP()) AS ctime, relname, pid, mode, granted FROM pg_locks, pg_class WHERE relfilenode = relation ORDER BY relname) TO STDOUT (FORMAT CSV);",active,2014-12-08 21:05:55.997145+01
1418069155.99596,dbt3,849,10,mark,psql,,-1,2014-12-08 21:05:55.994715+01,2014-12-08 21:05:55.997123+01,2014-12-08 21:05:55.997123+01,f,"COPY (SELECT EXTRACT(EPOCH FROM TRANSACTION_TIMESTAMP()) AS ctime, datname, numbackends, xact_commit, xact_rollback, blks_read, blks_hit, tup_returned, tup_fetched, tup_inserted, tup_updated, tup_deleted FROM pg_stat_database) TO STDOUT (FORMAT CSV);",active,2014-12-08 21:05:55.997128+01
1418069155.99596,dbt3,850,10,mark,psql,,-1,2014-12-08 21:05:55.994799+01,2014-12-08 21:05:55.997143+01,2014-12-08 21:05:55.997143+01,f,"COPY (SELECT EXTRACT(EPOCH FROM TRANSACTION_TIMESTAMP()) AS ctime, a.schemaname, a.relname, seq_scan, seq_tup_read, idx_scan, idx_tup_fetch, n_tup_ins, n_tup_upd, n_tup_del, n_tup_hot_upd, n_live_tup, n_dead_tup, heap_blks_read, heap_blks_hit, idx_blks_read, idx_blks_hit, toast_blks_read, toast_blks_hit, tidx_blks_read, tidx_blks_hit FROM pg_statio_all_tables a, pg_stat_all_tables b WHERE a.relid = b.relid) TO STDOUT (FORMAT CSV);",active,2014-12-08 21:05:55.997147+01
1418069155.99596,dbt3,851,10,mark,psql,,-1,2014-12-08 21:05:55.994869+01,2014-12-08 21:05:55.99714+01,2014-12-08 21:05:55.99714+01,f,"COPY (SELECT EXTRACT(EPOCH FROM TRANSACTION_TIMESTAMP()) AS ctime, a.schemaname, a.relname, a.indexrelname, idx_scan, idx_tup_read, idx_tup_fetch, idx_blks_read, idx_blks_hit FROM pg_stat_all_indexes a, pg_statio_all_indexes b WHERE a.indexrelid = b.indexrelid) TO STDOUT (FORMAT CSV);",active,2014-12-08 21:05:55.997144+01
1418069155.99596,dbt3,679,10,mark,psql,,-1,2014-12-08 20:58:55.978087+01,2014-12-08 20:58:55.979998+01,2014-12-08 20:58:55.979998+01,f,COPY lineitem FROM '/AXLE/mark/dbt3/dss/lineitem.tbl' USING DELIMITERS '|';,active,2014-12-08 20:58:55.980002+01
1418069216.00011,dbt3,860,10,mark,psql,,-1,2014-12-08 21:06:55.995338+01,2014-12-08 21:06:55.996931+01,2014-12-08 21:06:55.996931+01,f,"COPY (SELECT EXTRACT(EPOCH FROM TRANSACTION_TIMESTAMP()) AS ctime, a.schemaname, a.relname, seq_scan, seq_tup_read, idx_scan, idx_tup_fetch, n_tup_ins, n_tup_upd, n_tup_del, n_tup_hot_upd, n_live_tup, n_dead_tup, heap_blks_read, heap_blks_hit, idx_blks_read, idx_blks_hit, toast_blks_read, toast_blks_hit, tidx_blks_read, tidx_blks_hit FROM pg_statio_all_tables a, pg_stat_all_tables b WHERE a.relid = b.relid) TO STDOUT (FORMAT CSV);",active,2014-12-08 21:06:55.996936+01
1418069216.00011,dbt3,861,10,mark,psql,,-1,2014-12-08 21:06:55.996907+01,2014-12-08 21:06:56.00008+01,2014-12-08 21:06:56.00008+01,f,"COPY (SELECT EXTRACT(EPOCH FROM TRANSACTION_TIMESTAMP()) AS ctime, a.schemaname, a.relname, a.indexrelname, idx_scan, idx_tup_read, idx_tup_fetch, idx_blks_read, idx_blks_hit FROM pg_stat_all_indexes a, pg_statio_all_indexes b WHERE a.indexrelid = b.indexrelid) TO STDOUT (FORMAT CSV);",active,2014-12-08 21:06:56.00009+01
1418069216.00011,dbt3,862,10,mark,psql,,-1,2014-12-08 21:06:55.996996+01,2014-12-08 21:06:56.000195+01,2014-12-08 21:06:56.000195+01,f,"COPY (SELECT EXTRACT(EPOCH FROM TRANSACTION_TIMESTAMP()) AS ctime, relname, pid, mode, granted FROM pg_locks, pg_class WHERE relfilenode = relation ORDER BY relname) TO STDOUT (FORMAT CSV);",active,2014-12-08 21:06:56.000203+01
1418069216.00011,dbt3,863,10,mark,psql,,-1,2014-12-08 21:06:55.997096+01,2014-12-08 21:06:56.000114+01,2014-12-08 21:06:56.000114+01,f,"COPY (SELECT EXTRACT(EPOCH FROM TRANSACTION_TIMESTAMP()) AS ctime, datname, pid, usesysid, usename, application_name, client_addr, client_port, backend_start, xact_start, query_start, waiting, query , state, state_change FROM pg_stat_activity) TO STDOUT (FORMAT CSV);",active,2014-12-08 21:06:56.000122+01
1418069216.00011,dbt3,864,10,mark,psql,,-1,2014-12-08 21:06:55.997185+01,2014-12-08 21:06:56.000238+01,2014-12-08 21:06:56.000238+01,f,"COPY (SELECT EXTRACT(EPOCH FROM TRANSACTION_TIMESTAMP()) AS ctime, datname, numbackends, xact_commit, xact_rollback, blks_read, blks_hit, tup_returned, tup_fetched, tup_inserted, tup_updated, tup_deleted FROM pg_stat_database) TO STDOUT (FORMAT CSV);",active,2014-12-08 21:06:56.000248+01
1418069216.00011,dbt3,679,10,mark,psql,,-1,2014-12-08 20:58:55.978087+01,2014-12-08 20:58:55.979998+01,2014-12-08 20:58:55.979998+01,f,COPY lineitem FROM '/AXLE/mark/dbt3/dss/lineitem.tbl' USING DELIMITERS '|';,active,2014-12-08 20:58:55.980002+01
1418069276.00091,dbt3,873,10,mark,psql,,-1,2014-12-08 21:07:55.997033+01,2014-12-08 21:07:55.998604+01,2014-12-08 21:07:55.998604+01,f,"COPY (SELECT EXTRACT(EPOCH FROM TRANSACTION_TIMESTAMP()) AS ctime, a.schemaname, a.relname, a.indexrelname, idx_scan, idx_tup_read, idx_tup_fetch, idx_blks_read, idx_blks_hit FROM pg_stat_all_indexes a, pg_statio_all_indexes b WHERE a.indexrelid = b.indexrelid) TO STDOUT (FORMAT CSV);",active,2014-12-08 21:07:55.998609+01
1418069276.00091,dbt3,874,10,mark,psql,,-1,2014-12-08 21:07:55.997123+01,2014-12-08 21:07:55.998604+01,2014-12-08 21:07:55.998604+01,f,"COPY (SELECT EXTRACT(EPOCH FROM TRANSACTION_TIMESTAMP()) AS ctime, datname, numbackends, xact_commit, xact_rollback, blks_read, blks_hit, tup_returned, tup_fetched, tup_inserted, tup_updated, tup_deleted FROM pg_stat_database) TO STDOUT (FORMAT CSV);",active,2014-12-08 21:07:55.998609+01
1418069276.00091,dbt3,875,10,mark,psql,,-1,2014-12-08 21:07:55.998508+01,2014-12-08 21:07:56.00097+01,2014-12-08 21:07:56.00097+01,f,"COPY (SELECT EXTRACT(EPOCH FROM TRANSACTION_TIMESTAMP()) AS ctime, relname, pid, mode, granted FROM pg_locks, pg_class WHERE relfilenode = relation ORDER BY relname) TO STDOUT (FORMAT CSV);",active,2014-12-08 21:07:56.000975+01
1418069276.00091,dbt3,876,10,mark,psql,,-1,2014-12-08 21:07:55.998612+01,2014-12-08 21:07:56.000911+01,2014-12-08 21:07:56.000911+01,f,"COPY (SELECT EXTRACT(EPOCH FROM TRANSACTION_TIMESTAMP()) AS ctime, datname, pid, usesysid, usename, application_name, client_addr, client_port, backend_start, xact_start, query_start, waiting, query , state, state_change FROM pg_stat_activity) TO STDOUT (FORMAT CSV);",active,2014-12-08 21:07:56.000916+01
1418069276.00091,dbt3,877,10,mark,psql,,-1,2014-12-08 21:07:55.99871+01,2014-12-08 21:07:56.000966+01,2014-12-08 21:07:56.000966+01,f,"COPY (SELECT EXTRACT(EPOCH FROM TRANSACTION_TIMESTAMP()) AS ctime, a.schemaname, a.relname, seq_scan, seq_tup_read, idx_scan, idx_tup_fetch, n_tup_ins, n_tup_upd, n_tup_del, n_tup_hot_upd, n_live_tup, n_dead_tup, heap_blks_read, heap_blks_hit, idx_blks_read, idx_blks_hit, toast_blks_read, toast_blks_hit, tidx_blks_read, tidx_blks_hit FROM pg_statio_all_tables a, pg_stat_all_tables b WHERE a.relid = b.relid) TO STDOUT (FORMAT CSV);",active,2014-12-08 21:07:56.00097+01
1418069276.00091,dbt3,679,10,mark,psql,,-1,2014-12-08 20:58:55.978087+01,2014-12-08 20:58:55.979998+01,2014-12-08 20:58:55.979998+01,f,COPY lineitem FROM '/AXLE/mark/dbt3/dss/lineitem.tbl' USING DELIMITERS '|';,active,2014-12-08 20:58:55.980002+01
1418069336.00158,dbt3,886,10,mark,psql,,-1,2014-12-08 21:08:56.00005+01,2014-12-08 21:08:56.001583+01,2014-12-08 21:08:56.001583+01,f,"COPY (SELECT EXTRACT(EPOCH FROM TRANSACTION_TIMESTAMP()) AS ctime, datname, pid, usesysid, usename, application_name, client_addr, client_port, backend_start, xact_start, query_start, waiting, query , state, state_change FROM pg_stat_activity) TO STDOUT (FORMAT CSV);",active,2014-12-08 21:08:56.001589+01
1418069336.00158,dbt3,887,10,mark,psql,,-1,2014-12-08 21:08:56.000171+01,2014-12-08 21:08:56.001613+01,2014-12-08 21:08:56.001613+01,f,"COPY (SELECT EXTRACT(EPOCH FROM TRANSACTION_TIMESTAMP()) AS ctime, datname, numbackends, xact_commit, xact_rollback, blks_read, blks_hit, tup_returned, tup_fetched, tup_inserted, tup_updated, tup_deleted FROM pg_stat_database) TO STDOUT (FORMAT CSV);",active,2014-12-08 21:08:56.001617+01
1418069336.00158,dbt3,888,10,mark,psql,,-1,2014-12-08 21:08:56.000241+01,2014-12-08 21:08:56.001678+01,2014-12-08 21:08:56.001678+01,f,"COPY (SELECT EXTRACT(EPOCH FROM TRANSACTION_TIMESTAMP()) AS ctime, a.schemaname, a.relname, seq_scan, seq_tup_read, idx_scan, idx_tup_fetch, n_tup_ins, n_tup_upd, n_tup_del, n_tup_hot_upd, n_live_tup, n_dead_tup, heap_blks_read, heap_blks_hit, idx_blks_read, idx_blks_hit, toast_blks_read, toast_blks_hit, tidx_blks_read, tidx_blks_hit FROM pg_statio_all_tables a, pg_stat_all_tables b WHERE a.relid = b.relid) TO STDOUT (FORMAT CSV);",active,2014-12-08 21:08:56.001683+01
1418069336.00158,dbt3,679,10,mark,psql,,-1,2014-12-08 20:58:55.978087+01,2014-12-08 20:58:55.979998+01,2014-12-08 20:58:55.979998+01,f,COPY lineitem FROM '/AXLE/mark/dbt3/dss/lineitem.tbl' USING DELIMITERS '|';,active,2014-12-08 20:58:55.980002+01
1418069396.007,dbt3,899,10,mark,psql,,-1,2014-12-08 21:09:56.002378+01,2014-12-08 21:09:56.004012+01,2014-12-08 21:09:56.004012+01,f,"COPY (SELECT EXTRACT(EPOCH FROM TRANSACTION_TIMESTAMP()) AS ctime, a.schemaname, a.relname, a.indexrelname, idx_scan, idx_tup_read, idx_tup_fetch, idx_blks_read, idx_blks_hit FROM pg_stat_all_indexes a, pg_statio_all_indexes b WHERE a.indexrelid = b.indexrelid) TO STDOUT (FORMAT CSV);",active,2014-12-08 21:09:56.004016+01
1418069396.007,dbt3,900,10,mark,psql,,-1,2014-12-08 21:09:56.002483+01,2014-12-08 21:09:56.004011+01,2014-12-08 21:09:56.004011+01,f,"COPY (SELECT EXTRACT(EPOCH FROM TRANSACTION_TIMESTAMP()) AS ctime, datname, numbackends, xact_commit, xact_rollback, blks_read, blks_hit, tup_returned, tup_fetched, tup_inserted, tup_updated, tup_deleted FROM pg_stat_database) TO STDOUT (FORMAT CSV);",active,2014-12-08 21:09:56.004016+01
1418069396.007,dbt3,901,10,mark,psql,,-1,2014-12-08 21:09:56.003768+01,2014-12-08 21:09:56.007005+01,2014-12-08 21:09:56.007005+01,f,"COPY (SELECT EXTRACT(EPOCH FROM TRANSACTION_TIMESTAMP()) AS ctime, datname, pid, usesysid, usename, application_name, client_addr, client_port, backend_start, xact_start, query_start, waiting, query , state, state_change FROM pg_stat_activity) TO STDOUT (FORMAT CSV);",active,2014-12-08 21:09:56.007015+01
1418069396.007,dbt3,902,10,mark,psql,,-1,2014-12-08 21:09:56.003883+01,2014-12-08 21:09:56.007071+01,2014-12-08 21:09:56.007071+01,f,"COPY (SELECT EXTRACT(EPOCH FROM TRANSACTION_TIMESTAMP()) AS ctime, relname, pid, mode, granted FROM pg_locks, pg_class WHERE relfilenode = relation ORDER BY relname) TO STDOUT (FORMAT CSV);",active,2014-12-08 21:09:56.00708+01
1418069396.007,dbt3,903,10,mark,psql,,-1,2014-12-08 21:09:56.003985+01,2014-12-08 21:09:56.007031+01,2014-12-08 21:09:56.007031+01,f,"COPY (SELECT EXTRACT(EPOCH FROM TRANSACTION_TIMESTAMP()) AS ctime, a.schemaname, a.relname, seq_scan, seq_tup_read, idx_scan, idx_tup_fetch, n_tup_ins, n_tup_upd, n_tup_del, n_tup_hot_upd, n_live_tup, n_dead_tup, heap_blks_read, heap_blks_hit, idx_blks_read, idx_blks_hit, toast_blks_read, toast_blks_hit, tidx_blks_read, tidx_blks_hit FROM pg_statio_all_tables a, pg_stat_all_tables b WHERE a.relid = b.relid) TO STDOUT (FORMAT CSV);",active,2014-12-08 21:09:56.00704+01
1418069396.007,dbt3,679,10,mark,psql,,-1,2014-12-08 20:58:55.978087+01,2014-12-08 20:58:55.979998+01,2014-12-08 20:58:55.979998+01,f,COPY lineitem FROM '/AXLE/mark/dbt3/dss/lineitem.tbl' USING DELIMITERS '|';,active,2014-12-08 20:58:55.980002+01
1418069456.00688,dbt3,912,10,mark,psql,,-1,2014-12-08 21:10:56.005317+01,2014-12-08 21:10:56.00688+01,2014-12-08 21:10:56.00688+01,f,"COPY (SELECT EXTRACT(EPOCH FROM TRANSACTION_TIMESTAMP()) AS ctime, datname, pid, usesysid, usename, application_name, client_addr, client_port, backend_start, xact_start, query_start, waiting, query , state, state_change FROM pg_stat_activity) TO STDOUT (FORMAT CSV);",active,2014-12-08 21:10:56.006885+01
1418069456.00688,dbt3,913,10,mark,psql,,-1,2014-12-08 21:10:56.005422+01,2014-12-08 21:10:56.006881+01,2014-12-08 21:10:56.006881+01,f,"COPY (SELECT EXTRACT(EPOCH FROM TRANSACTION_TIMESTAMP()) AS ctime, a.schemaname, a.relname, seq_scan, seq_tup_read, idx_scan, idx_tup_fetch, n_tup_ins, n_tup_upd, n_tup_del, n_tup_hot_upd, n_live_tup, n_dead_tup, heap_blks_read, heap_blks_hit, idx_blks_read, idx_blks_hit, toast_blks_read, toast_blks_hit, tidx_blks_read, tidx_blks_hit FROM pg_statio_all_tables a, pg_stat_all_tables b WHERE a.relid = b.relid) TO STDOUT (FORMAT CSV);",active,2014-12-08 21:10:56.006885+01
1418069456.00688,dbt3,915,10,mark,psql,,-1,2014-12-08 21:10:56.006877+01,2014-12-08 21:10:56.008529+01,2014-12-08 21:10:56.008529+01,f,"COPY (SELECT EXTRACT(EPOCH FROM TRANSACTION_TIMESTAMP()) AS ctime, datname, numbackends, xact_commit, xact_rollback, blks_read, blks_hit, tup_returned, tup_fetched, tup_inserted, tup_updated, tup_deleted FROM pg_stat_database) TO STDOUT (FORMAT CSV);",active,2014-12-08 21:10:56.008535+01
1418069456.00688,dbt3,916,10,mark,psql,,-1,2014-12-08 21:10:56.00708+01,2014-12-08 21:10:56.00853+01,2014-12-08 21:10:56.00853+01,f,"COPY (SELECT EXTRACT(EPOCH FROM TRANSACTION_TIMESTAMP()) AS ctime, a.schemaname, a.relname, a.indexrelname, idx_scan, idx_tup_read, idx_tup_fetch, idx_blks_read, idx_blks_hit FROM pg_stat_all_indexes a, pg_statio_all_indexes b WHERE a.indexrelid = b.indexrelid) TO STDOUT (FORMAT CSV);",active,2014-12-08 21:10:56.008535+01
1418069456.00688,dbt3,679,10,mark,psql,,-1,2014-12-08 20:58:55.978087+01,2014-12-08 20:58:55.979998+01,2014-12-08 20:58:55.979998+01,f,COPY lineitem FROM '/AXLE/mark/dbt3/dss/lineitem.tbl' USING DELIMITERS '|';,active,2014-12-08 20:58:55.980002+01
1418069516.01045,dbt3,925,10,mark,psql,,-1,2014-12-08 21:11:56.008842+01,2014-12-08 21:11:56.01045+01,2014-12-08 21:11:56.01045+01,f,"COPY (SELECT EXTRACT(EPOCH FROM TRANSACTION_TIMESTAMP()) AS ctime, datname, pid, usesysid, usename, application_name, client_addr, client_port, backend_start, xact_start, query_start, waiting, query , state, state_change FROM pg_stat_activity) TO STDOUT (FORMAT CSV);",active,2014-12-08 21:11:56.010455+01
1418069516.01045,dbt3,926,10,mark,psql,,-1,2014-12-08 21:11:56.009866+01,2014-12-08 21:11:56.011238+01,2014-12-08 21:11:56.011238+01,f,"COPY (SELECT EXTRACT(EPOCH FROM TRANSACTION_TIMESTAMP()) AS ctime, relname, pid, mode, granted FROM pg_locks, pg_class WHERE relfilenode = relation ORDER BY relname) TO STDOUT (FORMAT CSV);",active,2014-12-08 21:11:56.011242+01
1418069516.01045,dbt3,927,10,mark,psql,,-1,2014-12-08 21:11:56.010156+01,2014-12-08 21:11:56.011631+01,2014-12-08 21:11:56.011631+01,f,"COPY (SELECT EXTRACT(EPOCH FROM TRANSACTION_TIMESTAMP()) AS ctime, a.schemaname, a.relname, seq_scan, seq_tup_read, idx_scan, idx_tup_fetch, n_tup_ins, n_tup_upd, n_tup_del, n_tup_hot_upd, n_live_tup, n_dead_tup, heap_blks_read, heap_blks_hit, idx_blks_read, idx_blks_hit, toast_blks_read, toast_blks_hit, tidx_blks_read, tidx_blks_hit FROM pg_statio_all_tables a, pg_stat_all_tables b WHERE a.relid = b.relid) TO STDOUT (FORMAT CSV);",active,2014-12-08 21:11:56.011635+01
1418069516.01045,dbt3,928,10,mark,psql,,-1,2014-12-08 21:11:56.010284+01,2014-12-08 21:11:56.011667+01,2014-12-08 21:11:56.011667+01,f,"COPY (SELECT EXTRACT(EPOCH FROM TRANSACTION_TIMESTAMP()) AS ctime, datname, numbackends, xact_commit, xact_rollback, blks_read, blks_hit, tup_returned, tup_fetched, tup_inserted, tup_updated, tup_deleted FROM pg_stat_database) TO STDOUT (FORMAT CSV);",active,2014-12-08 21:11:56.011671+01
1418069516.01045,dbt3,929,10,mark,psql,,-1,2014-12-08 21:11:56.010556+01,2014-12-08 21:11:56.01195+01,2014-12-08 21:11:56.01195+01,f,"COPY (SELECT EXTRACT(EPOCH FROM TRANSACTION_TIMESTAMP()) AS ctime, a.schemaname, a.relname, a.indexrelname, idx_scan, idx_tup_read, idx_tup_fetch, idx_blks_read, idx_blks_hit FROM pg_stat_all_indexes a, pg_statio_all_indexes b WHERE a.indexrelid = b.indexrelid) TO STDOUT (FORMAT CSV);",active,2014-12-08 21:11:56.011954+01
1418069516.01045,dbt3,679,10,mark,psql,,-1,2014-12-08 20:58:55.978087+01,2014-12-08 20:58:55.979998+01,2014-12-08 20:58:55.979998+01,f,COPY lineitem FROM '/AXLE/mark/dbt3/dss/lineitem.tbl' USING DELIMITERS '|';,active,2014-12-08 20:58:55.980002+01
1418069576.01582,dbt3,939,10,mark,psql,,-1,2014-12-08 21:12:56.011067+01,2014-12-08 21:12:56.012688+01,2014-12-08 21:12:56.012688+01,f,"COPY (SELECT EXTRACT(EPOCH FROM TRANSACTION_TIMESTAMP()) AS ctime, a.schemaname, a.relname, a.indexrelname, idx_scan, idx_tup_read, idx_tup_fetch, idx_blks_read, idx_blks_hit FROM pg_stat_all_indexes a, pg_statio_all_indexes b WHERE a.indexrelid = b.indexrelid) TO STDOUT (FORMAT CSV);",active,2014-12-08 21:12:56.012693+01
1418069576.01582,dbt3,940,10,mark,psql,,-1,2014-12-08 21:12:56.012558+01,2014-12-08 21:12:56.015997+01,2014-12-08 21:12:56.015997+01,f,"COPY (SELECT EXTRACT(EPOCH FROM TRANSACTION_TIMESTAMP()) AS ctime, datname, numbackends, xact_commit, xact_rollback, blks_read, blks_hit, tup_returned, tup_fetched, tup_inserted, tup_updated, tup_deleted FROM pg_stat_database) TO STDOUT (FORMAT CSV);",active,2014-12-08 21:12:56.016006+01
1418069576.01582,dbt3,941,10,mark,psql,,-1,2014-12-08 21:12:56.012604+01,2014-12-08 21:12:56.015763+01,2014-12-08 21:12:56.015763+01,f,"COPY (SELECT EXTRACT(EPOCH FROM TRANSACTION_TIMESTAMP()) AS ctime, relname, pid, mode, granted FROM pg_locks, pg_class WHERE relfilenode = relation ORDER BY relname) TO STDOUT (FORMAT CSV);",active,2014-12-08 21:12:56.015774+01
1418069576.01582,dbt3,942,10,mark,psql,,-1,2014-12-08 21:12:56.01272+01,2014-12-08 21:12:56.015818+01,2014-12-08 21:12:56.015818+01,f,"COPY (SELECT EXTRACT(EPOCH FROM TRANSACTION_TIMESTAMP()) AS ctime, a.schemaname, a.relname, seq_scan, seq_tup_read, idx_scan, idx_tup_fetch, n_tup_ins, n_tup_upd, n_tup_del, n_tup_hot_upd, n_live_tup, n_dead_tup, heap_blks_read, heap_blks_hit, idx_blks_read, idx_blks_hit, toast_blks_read, toast_blks_hit, tidx_blks_read, tidx_blks_hit FROM pg_statio_all_tables a, pg_stat_all_tables b WHERE a.relid = b.relid) TO STDOUT (FORMAT CSV);",active,2014-12-08 21:12:56.015827+01
1418069576.01582,dbt3,943,10,mark,psql,,-1,2014-12-08 21:12:56.012849+01,2014-12-08 21:12:56.015823+01,2014-12-08 21:12:56.015823+01,f,"COPY (SELECT EXTRACT(EPOCH FROM TRANSACTION_TIMESTAMP()) AS ctime, datname, pid, usesysid, usename, application_name, client_addr, client_port, backend_start, xact_start, query_start, waiting, query , state, state_change FROM pg_stat_activity) TO STDOUT (FORMAT CSV);",active,2014-12-08 21:12:56.015832+01
1418069576.01582,dbt3,679,10,mark,psql,,-1,2014-12-08 20:58:55.978087+01,2014-12-08 20:58:55.979998+01,2014-12-08 20:58:55.979998+01,f,COPY lineitem FROM '/AXLE/mark/dbt3/dss/lineitem.tbl' USING DELIMITERS '|';,active,2014-12-08 20:58:55.980002+01
1418069636.01765,dbt3,952,10,mark,psql,,-1,2014-12-08 21:13:56.012815+01,2014-12-08 21:13:56.014378+01,2014-12-08 21:13:56.014378+01,f,"COPY (SELECT EXTRACT(EPOCH FROM TRANSACTION_TIMESTAMP()) AS ctime, a.schemaname, a.relname, a.indexrelname, idx_scan, idx_tup_read, idx_tup_fetch, idx_blks_read, idx_blks_hit FROM pg_stat_all_indexes a, pg_statio_all_indexes b WHERE a.indexrelid = b.indexrelid) TO STDOUT (FORMAT CSV);",active,2014-12-08 21:13:56.014383+01
1418069636.01765,dbt3,953,10,mark,psql,,-1,2014-12-08 21:13:56.01293+01,2014-12-08 21:13:56.014382+01,2014-12-08 21:13:56.014382+01,f,"COPY (SELECT EXTRACT(EPOCH FROM TRANSACTION_TIMESTAMP()) AS ctime, datname, numbackends, xact_commit, xact_rollback, blks_read, blks_hit, tup_returned, tup_fetched, tup_inserted, tup_updated, tup_deleted FROM pg_stat_database) TO STDOUT (FORMAT CSV);",active,2014-12-08 21:13:56.014386+01
1418069636.01765,dbt3,954,10,mark,psql,,-1,2014-12-08 21:13:56.014314+01,2014-12-08 21:13:56.017652+01,2014-12-08 21:13:56.017652+01,f,"COPY (SELECT EXTRACT(EPOCH FROM TRANSACTION_TIMESTAMP()) AS ctime, relname, pid, mode, granted FROM pg_locks, pg_class WHERE relfilenode = relation ORDER BY relname) TO STDOUT (FORMAT CSV);",active,2014-12-08 21:13:56.017663+01
1418069636.01765,dbt3,955,10,mark,psql,,-1,2014-12-08 21:13:56.0144+01,2014-12-08 21:13:56.017628+01,2014-12-08 21:13:56.017628+01,f,"COPY (SELECT EXTRACT(EPOCH FROM TRANSACTION_TIMESTAMP()) AS ctime, a.schemaname, a.relname, seq_scan, seq_tup_read, idx_scan, idx_tup_fetch, n_tup_ins, n_tup_upd, n_tup_del, n_tup_hot_upd, n_live_tup, n_dead_tup, heap_blks_read, heap_blks_hit, idx_blks_read, idx_blks_hit, toast_blks_read, toast_blks_hit, tidx_blks_read, tidx_blks_hit FROM pg_statio_all_tables a, pg_stat_all_tables b WHERE a.relid = b.relid) TO STDOUT (FORMAT CSV);",active,2014-12-08 21:13:56.017638+01
1418069636.01765,dbt3,956,10,mark,psql,,-1,2014-12-08 21:13:56.014473+01,2014-12-08 21:13:56.017646+01,2014-12-08 21:13:56.017646+01,f,"COPY (SELECT EXTRACT(EPOCH FROM TRANSACTION_TIMESTAMP()) AS ctime, datname, pid, usesysid, usename, application_name, client_addr, client_port, backend_start, xact_start, query_start, waiting, query , state, state_change FROM pg_stat_activity) TO STDOUT (FORMAT CSV);",active,2014-12-08 21:13:56.017655+01
1418069636.01765,dbt3,679,10,mark,psql,,-1,2014-12-08 20:58:55.978087+01,2014-12-08 20:58:55.979998+01,2014-12-08 20:58:55.979998+01,f,COPY lineitem FROM '/AXLE/mark/dbt3/dss/lineitem.tbl' USING DELIMITERS '|';,active,2014-12-08 20:58:55.980002+01
1418069696.01747,dbt3,959,10,mark,psql,,-1,2014-12-08 21:14:17.941961+01,2014-12-08 21:14:17.945183+01,2014-12-08 21:14:17.945183+01,f,"
CREATE INDEX lineitem_l_partkey_l_quantity_idx
ON lineitem (l_partkey, l_quantity);",active,2014-12-08 21:14:17.945193+01
1418069696.01747,dbt3,960,10,mark,psql,,-1,2014-12-08 21:14:17.943039+01,2014-12-08 21:14:17.945836+01,2014-12-08 21:14:17.945836+01,t,"
ALTER TABLE lineitem
ADD CONSTRAINT pk_lineitem PRIMARY KEY (l_orderkey, l_linenumber);",active,2014-12-08 21:14:17.945845+01
1418069696.01747,dbt3,969,10,mark,psql,,-1,2014-12-08 21:14:56.015609+01,2014-12-08 21:14:56.017512+01,2014-12-08 21:14:56.017512+01,f,"COPY (SELECT EXTRACT(EPOCH FROM TRANSACTION_TIMESTAMP()) AS ctime, datname, numbackends, xact_commit, xact_rollback, blks_read, blks_hit, tup_returned, tup_fetched, tup_inserted, tup_updated, tup_deleted FROM pg_stat_database) TO STDOUT (FORMAT CSV);",active,2014-12-08 21:14:56.017517+01
1418069696.01747,dbt3,970,10,mark,psql,,-1,2014-12-08 21:14:56.015704+01,2014-12-08 21:14:56.017471+01,2014-12-08 21:14:56.017471+01,f,"COPY (SELECT EXTRACT(EPOCH FROM TRANSACTION_TIMESTAMP()) AS ctime, a.schemaname, a.relname, seq_scan, seq_tup_read, idx_scan, idx_tup_fetch, n_tup_ins, n_tup_upd, n_tup_del, n_tup_hot_upd, n_live_tup, n_dead_tup, heap_blks_read, heap_blks_hit, idx_blks_read, idx_blks_hit, toast_blks_read, toast_blks_hit, tidx_blks_read, tidx_blks_hit FROM pg_statio_all_tables a, pg_stat_all_tables b WHERE a.relid = b.relid) TO STDOUT (FORMAT CSV);",active,2014-12-08 21:14:56.017477+01
1418069696.01747,dbt3,971,10,mark,psql,,-1,2014-12-08 21:14:56.015796+01,2014-12-08 21:14:56.017471+01,2014-12-08 21:14:56.017471+01,f,"COPY (SELECT EXTRACT(EPOCH FROM TRANSACTION_TIMESTAMP()) AS ctime, datname, pid, usesysid, usename, application_name, client_addr, client_port, backend_start, xact_start, query_start, waiting, query , state, state_change FROM pg_stat_activity) TO STDOUT (FORMAT CSV);",active,2014-12-08 21:14:56.017476+01
1418069696.01747,dbt3,972,10,mark,psql,,-1,2014-12-08 21:14:56.0174+01,2014-12-08 21:14:56.018761+01,2014-12-08 21:14:56.018761+01,f,"COPY (SELECT EXTRACT(EPOCH FROM TRANSACTION_TIMESTAMP()) AS ctime, a.schemaname, a.relname, a.indexrelname, idx_scan, idx_tup_read, idx_tup_fetch, idx_blks_read, idx_blks_hit FROM pg_stat_all_indexes a, pg_statio_all_indexes b WHERE a.indexrelid = b.indexrelid) TO STDOUT (FORMAT CSV);",active,2014-12-08 21:14:56.018766+01
1418069756.02123,dbt3,959,10,mark,psql,,-1,2014-12-08 21:14:17.941961+01,2014-12-08 21:14:17.945183+01,2014-12-08 21:14:17.945183+01,f,"
CREATE INDEX lineitem_l_partkey_l_quantity_idx
ON lineitem (l_partkey, l_quantity);",active,2014-12-08 21:14:17.945193+01
1418069756.02123,dbt3,960,10,mark,psql,,-1,2014-12-08 21:14:17.943039+01,2014-12-08 21:14:17.945836+01,2014-12-08 21:14:17.945836+01,t,"
ALTER TABLE lineitem
ADD CONSTRAINT pk_lineitem PRIMARY KEY (l_orderkey, l_linenumber);",active,2014-12-08 21:14:17.945845+01
1418069756.02123,dbt3,1005,10,mark,psql,,-1,2014-12-08 21:15:56.017423+01,2014-12-08 21:15:56.019008+01,2014-12-08 21:15:56.019008+01,f,"COPY (SELECT EXTRACT(EPOCH FROM TRANSACTION_TIMESTAMP()) AS ctime, a.schemaname, a.relname, a.indexrelname, idx_scan, idx_tup_read, idx_tup_fetch, idx_blks_read, idx_blks_hit FROM pg_stat_all_indexes a, pg_statio_all_indexes b WHERE a.indexrelid = b.indexrelid) TO STDOUT (FORMAT CSV);",active,2014-12-08 21:15:56.019014+01
1418069756.02123,dbt3,1003,10,mark,psql,,-1,2014-12-08 21:15:56.017232+01,2014-12-08 21:15:56.020403+01,2014-12-08 21:15:56.020403+01,f,"COPY (SELECT EXTRACT(EPOCH FROM TRANSACTION_TIMESTAMP()) AS ctime, datname, numbackends, xact_commit, xact_rollback, blks_read, blks_hit, tup_returned, tup_fetched, tup_inserted, tup_updated, tup_deleted FROM pg_stat_database) TO STDOUT (FORMAT CSV);",active,2014-12-08 21:15:56.020413+01
1418069756.02123,dbt3,1004,10,mark,psql,,-1,2014-12-08 21:15:56.017396+01,2014-12-08 21:15:56.020422+01,2014-12-08 21:15:56.020422+01,f,"COPY (SELECT EXTRACT(EPOCH FROM TRANSACTION_TIMESTAMP()) AS ctime, a.schemaname, a.relname, seq_scan, seq_tup_read, idx_scan, idx_tup_fetch, n_tup_ins, n_tup_upd, n_tup_del, n_tup_hot_upd, n_live_tup, n_dead_tup, heap_blks_read, heap_blks_hit, idx_blks_read, idx_blks_hit, toast_blks_read, toast_blks_hit, tidx_blks_read, tidx_blks_hit FROM pg_statio_all_tables a, pg_stat_all_tables b WHERE a.relid = b.relid) TO STDOUT (FORMAT CSV);",active,2014-12-08 21:15:56.020432+01
1418069756.02123,dbt3,1006,10,mark,psql,,-1,2014-12-08 21:15:56.018445+01,2014-12-08 21:15:56.021228+01,2014-12-08 21:15:56.021228+01,f,"COPY (SELECT EXTRACT(EPOCH FROM TRANSACTION_TIMESTAMP()) AS ctime, datname, pid, usesysid, usename, application_name, client_addr, client_port, backend_start, xact_start, query_start, waiting, query , state, state_change FROM pg_stat_activity) TO STDOUT (FORMAT CSV);",active,2014-12-08 21:15:56.021271+01
1418069816.02273,dbt3,959,10,mark,psql,,-1,2014-12-08 21:14:17.941961+01,2014-12-08 21:14:17.945183+01,2014-12-08 21:14:17.945183+01,f,"
CREATE INDEX lineitem_l_partkey_l_quantity_idx
ON lineitem (l_partkey, l_quantity);",active,2014-12-08 21:14:17.945193+01
1418069816.02273,dbt3,960,10,mark,psql,,-1,2014-12-08 21:14:17.943039+01,2014-12-08 21:14:17.945836+01,2014-12-08 21:14:17.945836+01,t,"
ALTER TABLE lineitem
ADD CONSTRAINT pk_lineitem PRIMARY KEY (l_orderkey, l_linenumber);",active,2014-12-08 21:14:17.945845+01
1418069816.02273,dbt3,1015,10,mark,psql,,-1,2014-12-08 21:16:56.019229+01,2014-12-08 21:16:56.020934+01,2014-12-08 21:16:56.020934+01,f,"COPY (SELECT EXTRACT(EPOCH FROM TRANSACTION_TIMESTAMP()) AS ctime, a.schemaname, a.relname, a.indexrelname, idx_scan, idx_tup_read, idx_tup_fetch, idx_blks_read, idx_blks_hit FROM pg_stat_all_indexes a, pg_statio_all_indexes b WHERE a.indexrelid = b.indexrelid) TO STDOUT (FORMAT CSV);",active,2014-12-08 21:16:56.020939+01
1418069816.02273,dbt3,1016,10,mark,psql,,-1,2014-12-08 21:16:56.019312+01,2014-12-08 21:16:56.020924+01,2014-12-08 21:16:56.020924+01,f,"COPY (SELECT EXTRACT(EPOCH FROM TRANSACTION_TIMESTAMP()) AS ctime, datname, numbackends, xact_commit, xact_rollback, blks_read, blks_hit, tup_returned, tup_fetched, tup_inserted, tup_updated, tup_deleted FROM pg_stat_database) TO STDOUT (FORMAT CSV);",active,2014-12-08 21:16:56.02093+01
1418069816.02273,dbt3,1017,10,mark,psql,,-1,2014-12-08 21:16:56.020865+01,2014-12-08 21:16:56.023546+01,2014-12-08 21:16:56.023546+01,f,"COPY (SELECT EXTRACT(EPOCH FROM TRANSACTION_TIMESTAMP()) AS ctime, relname, pid, mode, granted FROM pg_locks, pg_class WHERE relfilenode = relation ORDER BY relname) TO STDOUT (FORMAT CSV);",active,2014-12-08 21:16:56.02355+01
1418069816.02273,dbt3,1018,10,mark,psql,,-1,2014-12-08 21:16:56.021045+01,2014-12-08 21:16:56.022734+01,2014-12-08 21:16:56.022734+01,f,"COPY (SELECT EXTRACT(EPOCH FROM TRANSACTION_TIMESTAMP()) AS ctime, datname, pid, usesysid, usename, application_name, client_addr, client_port, backend_start, xact_start, query_start, waiting, query , state, state_change FROM pg_stat_activity) TO STDOUT (FORMAT CSV);",active,2014-12-08 21:16:56.022739+01
1418069816.02273,dbt3,1019,10,mark,psql,,-1,2014-12-08 21:16:56.021239+01,2014-12-08 21:16:56.022849+01,2014-12-08 21:16:56.022849+01,f,"COPY (SELECT EXTRACT(EPOCH FROM TRANSACTION_TIMESTAMP()) AS ctime, a.schemaname, a.relname, seq_scan, seq_tup_read, idx_scan, idx_tup_fetch, n_tup_ins, n_tup_upd, n_tup_del, n_tup_hot_upd, n_live_tup, n_dead_tup, heap_blks_read, heap_blks_hit, idx_blks_read, idx_blks_hit, toast_blks_read, toast_blks_hit, tidx_blks_read, tidx_blks_hit FROM pg_statio_all_tables a, pg_stat_all_tables b WHERE a.relid = b.relid) TO STDOUT (FORMAT CSV);",active,2014-12-08 21:16:56.022854+01
1418069876.02409,dbt3,959,10,mark,psql,,-1,2014-12-08 21:14:17.941961+01,2014-12-08 21:14:17.945183+01,2014-12-08 21:14:17.945183+01,f,"
CREATE INDEX lineitem_l_partkey_l_quantity_idx
ON lineitem (l_partkey, l_quantity);",active,2014-12-08 21:14:17.945193+01
1418069876.02409,dbt3,960,10,mark,psql,,-1,2014-12-08 21:14:17.943039+01,2014-12-08 21:14:17.945836+01,2014-12-08 21:14:17.945836+01,t,"
ALTER TABLE lineitem
ADD CONSTRAINT pk_lineitem PRIMARY KEY (l_orderkey, l_linenumber);",active,2014-12-08 21:14:17.945845+01
1418069876.02409,dbt3,1028,10,mark,psql,,-1,2014-12-08 21:17:56.022373+01,2014-12-08 21:17:56.024076+01,2014-12-08 21:17:56.024076+01,f,"COPY (SELECT EXTRACT(EPOCH FROM TRANSACTION_TIMESTAMP()) AS ctime, relname, pid, mode, granted FROM pg_locks, pg_class WHERE relfilenode = relation ORDER BY relname) TO STDOUT (FORMAT CSV);",active,2014-12-08 21:17:56.024082+01
1418069876.02409,dbt3,1029,10,mark,psql,,-1,2014-12-08 21:17:56.022474+01,2014-12-08 21:17:56.024087+01,2014-12-08 21:17:56.024087+01,f,"COPY (SELECT EXTRACT(EPOCH FROM TRANSACTION_TIMESTAMP()) AS ctime, datname, pid, usesysid, usename, application_name, client_addr, client_port, backend_start, xact_start, query_start, waiting, query , state, state_change FROM pg_stat_activity) TO STDOUT (FORMAT CSV);",active,2014-12-08 21:17:56.024091+01
1418069936.02929,dbt3,959,10,mark,psql,,-1,2014-12-08 21:14:17.941961+01,2014-12-08 21:14:17.945183+01,2014-12-08 21:14:17.945183+01,f,"
CREATE INDEX lineitem_l_partkey_l_quantity_idx
ON lineitem (l_partkey, l_quantity);",active,2014-12-08 21:14:17.945193+01
1418069936.02929,dbt3,960,10,mark,psql,,-1,2014-12-08 21:14:17.943039+01,2014-12-08 21:14:17.945836+01,2014-12-08 21:14:17.945836+01,t,"
ALTER TABLE lineitem
ADD CONSTRAINT pk_lineitem PRIMARY KEY (l_orderkey, l_linenumber);",active,2014-12-08 21:14:17.945845+01
1418069936.02929,dbt3,1041,10,mark,psql,,-1,2014-12-08 21:18:56.024336+01,2014-12-08 21:18:56.026011+01,2014-12-08 21:18:56.026011+01,f,"COPY (SELECT EXTRACT(EPOCH FROM TRANSACTION_TIMESTAMP()) AS ctime, a.schemaname, a.relname, a.indexrelname, idx_scan, idx_tup_read, idx_tup_fetch, idx_blks_read, idx_blks_hit FROM pg_stat_all_indexes a, pg_statio_all_indexes b WHERE a.indexrelid = b.indexrelid) TO STDOUT (FORMAT CSV);",active,2014-12-08 21:18:56.026017+01
1418069936.02929,dbt3,1042,10,mark,psql,,-1,2014-12-08 21:18:56.024462+01,2014-12-08 21:18:56.026046+01,2014-12-08 21:18:56.026046+01,f,"COPY (SELECT EXTRACT(EPOCH FROM TRANSACTION_TIMESTAMP()) AS ctime, datname, numbackends, xact_commit, xact_rollback, blks_read, blks_hit, tup_returned, tup_fetched, tup_inserted, tup_updated, tup_deleted FROM pg_stat_database) TO STDOUT (FORMAT CSV);",active,2014-12-08 21:18:56.026051+01
1418069936.02929,dbt3,1043,10,mark,psql,,-1,2014-12-08 21:18:56.026011+01,2014-12-08 21:18:56.029291+01,2014-12-08 21:18:56.029291+01,f,"COPY (SELECT EXTRACT(EPOCH FROM TRANSACTION_TIMESTAMP()) AS ctime, datname, pid, usesysid, usename, application_name, client_addr, client_port, backend_start, xact_start, query_start, waiting, query , state, state_change FROM pg_stat_activity) TO STDOUT (FORMAT CSV);",active,2014-12-08 21:18:56.0293+01
1418069936.02929,dbt3,1044,10,mark,psql,,-1,2014-12-08 21:18:56.0261+01,2014-12-08 21:18:56.029269+01,2014-12-08 21:18:56.029269+01,f,"COPY (SELECT EXTRACT(EPOCH FROM TRANSACTION_TIMESTAMP()) AS ctime, relname, pid, mode, granted FROM pg_locks, pg_class WHERE relfilenode = relation ORDER BY relname) TO STDOUT (FORMAT CSV);",active,2014-12-08 21:18:56.029279+01
1418069936.02929,dbt3,1045,10,mark,psql,,-1,2014-12-08 21:18:56.026204+01,2014-12-08 21:18:56.029255+01,2014-12-08 21:18:56.029255+01,f,"COPY (SELECT EXTRACT(EPOCH FROM TRANSACTION_TIMESTAMP()) AS ctime, a.schemaname, a.relname, seq_scan, seq_tup_read, idx_scan, idx_tup_fetch, n_tup_ins, n_tup_upd, n_tup_del, n_tup_hot_upd, n_live_tup, n_dead_tup, heap_blks_read, heap_blks_hit, idx_blks_read, idx_blks_hit, toast_blks_read, toast_blks_hit, tidx_blks_read, tidx_blks_hit FROM pg_statio_all_tables a, pg_stat_all_tables b WHERE a.relid = b.relid) TO STDOUT (FORMAT CSV);",active,2014-12-08 21:18:56.029265+01
1418069996.03018,dbt3,959,10,mark,psql,,-1,2014-12-08 21:14:17.941961+01,2014-12-08 21:14:17.945183+01,2014-12-08 21:14:17.945183+01,f,"
CREATE INDEX lineitem_l_partkey_l_quantity_idx
ON lineitem (l_partkey, l_quantity);",active,2014-12-08 21:14:17.945193+01
1418069996.03018,dbt3,960,10,mark,psql,,-1,2014-12-08 21:14:17.943039+01,2014-12-08 21:14:17.945836+01,2014-12-08 21:14:17.945836+01,t,"
ALTER TABLE lineitem
ADD CONSTRAINT pk_lineitem PRIMARY KEY (l_orderkey, l_linenumber);",active,2014-12-08 21:14:17.945845+01
1418069996.03018,dbt3,1054,10,mark,psql,,-1,2014-12-08 21:19:56.026544+01,2014-12-08 21:19:56.028247+01,2014-12-08 21:19:56.028247+01,f,"COPY (SELECT EXTRACT(EPOCH FROM TRANSACTION_TIMESTAMP()) AS ctime, a.schemaname, a.relname, a.indexrelname, idx_scan, idx_tup_read, idx_tup_fetch, idx_blks_read, idx_blks_hit FROM pg_stat_all_indexes a, pg_statio_all_indexes b WHERE a.indexrelid = b.indexrelid) TO STDOUT (FORMAT CSV);",active,2014-12-08 21:19:56.028253+01
1418069996.03018,dbt3,1055,10,mark,psql,,-1,2014-12-08 21:19:56.026739+01,2014-12-08 21:19:56.02994+01,2014-12-08 21:19:56.02994+01,f,"COPY (SELECT EXTRACT(EPOCH FROM TRANSACTION_TIMESTAMP()) AS ctime, datname, numbackends, xact_commit, xact_rollback, blks_read, blks_hit, tup_returned, tup_fetched, tup_inserted, tup_updated, tup_deleted FROM pg_stat_database) TO STDOUT (FORMAT CSV);",active,2014-12-08 21:19:56.02995+01
1418069996.03018,dbt3,1056,10,mark,psql,,-1,2014-12-08 21:19:56.027274+01,2014-12-08 21:19:56.030077+01,2014-12-08 21:19:56.030077+01,f,"COPY (SELECT EXTRACT(EPOCH FROM TRANSACTION_TIMESTAMP()) AS ctime, relname, pid, mode, granted FROM pg_locks, pg_class WHERE relfilenode = relation ORDER BY relname) TO STDOUT (FORMAT CSV);",active,2014-12-08 21:19:56.030086+01
1418069996.03018,dbt3,1057,10,mark,psql,,-1,2014-12-08 21:19:56.027339+01,2014-12-08 21:19:56.030177+01,2014-12-08 21:19:56.030177+01,f,"COPY (SELECT EXTRACT(EPOCH FROM TRANSACTION_TIMESTAMP()) AS ctime, datname, pid, usesysid, usename, application_name, client_addr, client_port, backend_start, xact_start, query_start, waiting, query , state, state_change FROM pg_stat_activity) TO STDOUT (FORMAT CSV);",active,2014-12-08 21:19:56.030186+01
1418069996.03018,dbt3,1058,10,mark,psql,,-1,2014-12-08 21:19:56.027458+01,2014-12-08 21:19:56.030282+01,2014-12-08 21:19:56.030282+01,f,"COPY (SELECT EXTRACT(EPOCH FROM TRANSACTION_TIMESTAMP()) AS ctime, a.schemaname, a.relname, seq_scan, seq_tup_read, idx_scan, idx_tup_fetch, n_tup_ins, n_tup_upd, n_tup_del, n_tup_hot_upd, n_live_tup, n_dead_tup, heap_blks_read, heap_blks_hit, idx_blks_read, idx_blks_hit, toast_blks_read, toast_blks_hit, tidx_blks_read, tidx_blks_hit FROM pg_statio_all_tables a, pg_stat_all_tables b WHERE a.relid = b.relid) TO STDOUT (FORMAT CSV);",active,2014-12-08 21:19:56.030293+01
1418070056.03065,dbt3,959,10,mark,psql,,-1,2014-12-08 21:14:17.941961+01,2014-12-08 21:14:17.945183+01,2014-12-08 21:14:17.945183+01,f,"
CREATE INDEX lineitem_l_partkey_l_quantity_idx
ON lineitem (l_partkey, l_quantity);",active,2014-12-08 21:14:17.945193+01
1418070056.03065,dbt3,960,10,mark,psql,,-1,2014-12-08 21:14:17.943039+01,2014-12-08 21:14:17.945836+01,2014-12-08 21:14:17.945836+01,t,"
ALTER TABLE lineitem
ADD CONSTRAINT pk_lineitem PRIMARY KEY (l_orderkey, l_linenumber);",active,2014-12-08 21:14:17.945845+01
1418070056.03065,dbt3,1067,10,mark,psql,,-1,2014-12-08 21:20:56.028915+01,2014-12-08 21:20:56.030651+01,2014-12-08 21:20:56.030651+01,f,"COPY (SELECT EXTRACT(EPOCH FROM TRANSACTION_TIMESTAMP()) AS ctime, a.schemaname, a.relname, seq_scan, seq_tup_read, idx_scan, idx_tup_fetch, n_tup_ins, n_tup_upd, n_tup_del, n_tup_hot_upd, n_live_tup, n_dead_tup, heap_blks_read, heap_blks_hit, idx_blks_read, idx_blks_hit, toast_blks_read, toast_blks_hit, tidx_blks_read, tidx_blks_hit FROM pg_statio_all_tables a, pg_stat_all_tables b WHERE a.relid = b.relid) TO STDOUT (FORMAT CSV);",active,2014-12-08 21:20:56.030656+01
1418070056.03065,dbt3,1068,10,mark,psql,,-1,2014-12-08 21:20:56.029005+01,2014-12-08 21:20:56.030649+01,2014-12-08 21:20:56.030649+01,f,"COPY (SELECT EXTRACT(EPOCH FROM TRANSACTION_TIMESTAMP()) AS ctime, datname, pid, usesysid, usename, application_name, client_addr, client_port, backend_start, xact_start, query_start, waiting, query , state, state_change FROM pg_stat_activity) TO STDOUT (FORMAT CSV);",active,2014-12-08 21:20:56.030654+01
1418070056.03065,dbt3,1069,10,mark,psql,,-1,2014-12-08 21:20:56.029842+01,,,f,"",,
1418070116.03378,dbt3,959,10,mark,psql,,-1,2014-12-08 21:14:17.941961+01,2014-12-08 21:14:17.945183+01,2014-12-08 21:14:17.945183+01,f,"
CREATE INDEX lineitem_l_partkey_l_quantity_idx
ON lineitem (l_partkey, l_quantity);",active,2014-12-08 21:14:17.945193+01
1418070116.03378,dbt3,960,10,mark,psql,,-1,2014-12-08 21:14:17.943039+01,2014-12-08 21:14:17.945836+01,2014-12-08 21:14:17.945836+01,t,"
ALTER TABLE lineitem
ADD CONSTRAINT pk_lineitem PRIMARY KEY (l_orderkey, l_linenumber);",active,2014-12-08 21:14:17.945845+01
1418070116.03378,dbt3,1080,10,mark,psql,,-1,2014-12-08 21:21:56.031986+01,2014-12-08 21:21:56.033826+01,2014-12-08 21:21:56.033826+01,f,"COPY (SELECT EXTRACT(EPOCH FROM TRANSACTION_TIMESTAMP()) AS ctime, datname, numbackends, xact_commit, xact_rollback, blks_read, blks_hit, tup_returned, tup_fetched, tup_inserted, tup_updated, tup_deleted FROM pg_stat_database) TO STDOUT (FORMAT CSV);",active,2014-12-08 21:21:56.03383+01
1418070116.03378,dbt3,1082,10,mark,psql,,-1,2014-12-08 21:21:56.032175+01,2014-12-08 21:21:56.033782+01,2014-12-08 21:21:56.033782+01,f,"COPY (SELECT EXTRACT(EPOCH FROM TRANSACTION_TIMESTAMP()) AS ctime, datname, pid, usesysid, usename, application_name, client_addr, client_port, backend_start, xact_start, query_start, waiting, query , state, state_change FROM pg_stat_activity) TO STDOUT (FORMAT CSV);",active,2014-12-08 21:21:56.033788+01
1418070116.03378,dbt3,1081,10,mark,psql,,-1,2014-12-08 21:21:56.032196+01,2014-12-08 21:21:56.035519+01,2014-12-08 21:21:56.035519+01,f,"COPY (SELECT EXTRACT(EPOCH FROM TRANSACTION_TIMESTAMP()) AS ctime, a.schemaname, a.relname, a.indexrelname, idx_scan, idx_tup_read, idx_tup_fetch, idx_blks_read, idx_blks_hit FROM pg_stat_all_indexes a, pg_statio_all_indexes b WHERE a.indexrelid = b.indexrelid) TO STDOUT (FORMAT CSV);",active,2014-12-08 21:21:56.035529+01
1418070116.03378,dbt3,1084,10,mark,psql,,-1,2014-12-08 21:21:56.033523+01,2014-12-08 21:21:56.034953+01,2014-12-08 21:21:56.034953+01,f,"COPY (SELECT EXTRACT(EPOCH FROM TRANSACTION_TIMESTAMP()) AS ctime, a.schemaname, a.relname, seq_scan, seq_tup_read, idx_scan, idx_tup_fetch, n_tup_ins, n_tup_upd, n_tup_del, n_tup_hot_upd, n_live_tup, n_dead_tup, heap_blks_read, heap_blks_hit, idx_blks_read, idx_blks_hit, toast_blks_read, toast_blks_hit, tidx_blks_read, tidx_blks_hit FROM pg_statio_all_tables a, pg_stat_all_tables b WHERE a.relid = b.relid) TO STDOUT (FORMAT CSV);",active,2014-12-08 21:21:56.034958+01
1418070176.03681,dbt3,959,10,mark,psql,,-1,2014-12-08 21:14:17.941961+01,2014-12-08 21:14:17.945183+01,2014-12-08 21:14:17.945183+01,f,"
CREATE INDEX lineitem_l_partkey_l_quantity_idx
ON lineitem (l_partkey, l_quantity);",active,2014-12-08 21:14:17.945193+01
1418070176.03681,dbt3,960,10,mark,psql,,-1,2014-12-08 21:14:17.943039+01,2014-12-08 21:14:17.945836+01,2014-12-08 21:14:17.945836+01,t,"
ALTER TABLE lineitem
ADD CONSTRAINT pk_lineitem PRIMARY KEY (l_orderkey, l_linenumber);",active,2014-12-08 21:14:17.945845+01
1418070176.03681,dbt3,1093,10,mark,psql,,-1,2014-12-08 21:22:56.035113+01,2014-12-08 21:22:56.036809+01,2014-12-08 21:22:56.036809+01,f,"COPY (SELECT EXTRACT(EPOCH FROM TRANSACTION_TIMESTAMP()) AS ctime, datname, pid, usesysid, usename, application_name, client_addr, client_port, backend_start, xact_start, query_start, waiting, query , state, state_change FROM pg_stat_activity) TO STDOUT (FORMAT CSV);",active,2014-12-08 21:22:56.036815+01
1418070176.03681,dbt3,1094,10,mark,psql,,-1,2014-12-08 21:22:56.035212+01,2014-12-08 21:22:56.036946+01,2014-12-08 21:22:56.036946+01,f,"COPY (SELECT EXTRACT(EPOCH FROM TRANSACTION_TIMESTAMP()) AS ctime, a.schemaname, a.relname, seq_scan, seq_tup_read, idx_scan, idx_tup_fetch, n_tup_ins, n_tup_upd, n_tup_del, n_tup_hot_upd, n_live_tup, n_dead_tup, heap_blks_read, heap_blks_hit, idx_blks_read, idx_blks_hit, toast_blks_read, toast_blks_hit, tidx_blks_read, tidx_blks_hit FROM pg_statio_all_tables a, pg_stat_all_tables b WHERE a.relid = b.relid) TO STDOUT (FORMAT CSV);",active,2014-12-08 21:22:56.036961+01
1418070176.03681,dbt3,1095,10,mark,psql,,-1,2014-12-08 21:22:56.036113+01,,,f,"",idle,2014-12-08 21:22:56.038773+01
1418070236.04172,dbt3,959,10,mark,psql,,-1,2014-12-08 21:14:17.941961+01,2014-12-08 21:14:17.945183+01,2014-12-08 21:14:17.945183+01,f,"
CREATE INDEX lineitem_l_partkey_l_quantity_idx
ON lineitem (l_partkey, l_quantity);",active,2014-12-08 21:14:17.945193+01
1418070236.04172,dbt3,960,10,mark,psql,,-1,2014-12-08 21:14:17.943039+01,2014-12-08 21:14:17.945836+01,2014-12-08 21:14:17.945836+01,t,"
ALTER TABLE lineitem
ADD CONSTRAINT pk_lineitem PRIMARY KEY (l_orderkey, l_linenumber);",active,2014-12-08 21:14:17.945845+01
1418070236.04172,dbt3,1107,10,mark,psql,,-1,2014-12-08 21:23:56.03849+01,2014-12-08 21:23:56.041724+01,2014-12-08 21:23:56.041724+01,f,"COPY (SELECT EXTRACT(EPOCH FROM TRANSACTION_TIMESTAMP()) AS ctime, datname, pid, usesysid, usename, application_name, client_addr, client_port, backend_start, xact_start, query_start, waiting, query , state, state_change FROM pg_stat_activity) TO STDOUT (FORMAT CSV);",active,2014-12-08 21:23:56.041735+01
1418070236.04172,dbt3,1108,10,mark,psql,,-1,2014-12-08 21:23:56.038666+01,2014-12-08 21:23:56.041779+01,2014-12-08 21:23:56.041779+01,f,"COPY (SELECT EXTRACT(EPOCH FROM TRANSACTION_TIMESTAMP()) AS ctime, a.schemaname, a.relname, seq_scan, seq_tup_read, idx_scan, idx_tup_fetch, n_tup_ins, n_tup_upd, n_tup_del, n_tup_hot_upd, n_live_tup, n_dead_tup, heap_blks_read, heap_blks_hit, idx_blks_read, idx_blks_hit, toast_blks_read, toast_blks_hit, tidx_blks_read, tidx_blks_hit FROM pg_statio_all_tables a, pg_stat_all_tables b WHERE a.relid = b.relid) TO STDOUT (FORMAT CSV);",active,2014-12-08 21:23:56.041788+01
1418070236.04172,dbt3,1109,10,mark,psql,,-1,2014-12-08 21:23:56.039182+01,2014-12-08 21:23:56.042154+01,2014-12-08 21:23:56.042154+01,f,"COPY (SELECT EXTRACT(EPOCH FROM TRANSACTION_TIMESTAMP()) AS ctime, relname, pid, mode, granted FROM pg_locks, pg_class WHERE relfilenode = relation ORDER BY relname) TO STDOUT (FORMAT CSV);",active,2014-12-08 21:23:56.042165+01
1418070236.04172,dbt3,1110,10,mark,psql,,-1,2014-12-08 21:23:56.039366+01,2014-12-08 21:23:56.042257+01,2014-12-08 21:23:56.042257+01,f,"COPY (SELECT EXTRACT(EPOCH FROM TRANSACTION_TIMESTAMP()) AS ctime, datname, numbackends, xact_commit, xact_rollback, blks_read, blks_hit, tup_returned, tup_fetched, tup_inserted, tup_updated, tup_deleted FROM pg_stat_database) TO STDOUT (FORMAT CSV);",active,2014-12-08 21:23:56.042266+01
1418070236.04172,dbt3,1111,10,mark,psql,,-1,2014-12-08 21:23:56.039699+01,2014-12-08 21:23:56.042656+01,2014-12-08 21:23:56.042656+01,f,"COPY (SELECT EXTRACT(EPOCH FROM TRANSACTION_TIMESTAMP()) AS ctime, a.schemaname, a.relname, a.indexrelname, idx_scan, idx_tup_read, idx_tup_fetch, idx_blks_read, idx_blks_hit FROM pg_stat_all_indexes a, pg_statio_all_indexes b WHERE a.indexrelid = b.indexrelid) TO STDOUT (FORMAT CSV);",active,2014-12-08 21:23:56.042665+01
1418070296.04216,dbt3,959,10,mark,psql,,-1,2014-12-08 21:14:17.941961+01,2014-12-08 21:14:17.945183+01,2014-12-08 21:14:17.945183+01,f,"
CREATE INDEX lineitem_l_partkey_l_quantity_idx
ON lineitem (l_partkey, l_quantity);",active,2014-12-08 21:14:17.945193+01
1418070296.04216,dbt3,960,10,mark,psql,,-1,2014-12-08 21:14:17.943039+01,2014-12-08 21:14:17.945836+01,2014-12-08 21:14:17.945836+01,t,"
ALTER TABLE lineitem
ADD CONSTRAINT pk_lineitem PRIMARY KEY (l_orderkey, l_linenumber);",active,2014-12-08 21:14:17.945845+01
1418070296.04216,dbt3,1120,10,mark,psql,,-1,2014-12-08 21:24:56.040403+01,2014-12-08 21:24:56.042156+01,2014-12-08 21:24:56.042156+01,f,"COPY (SELECT EXTRACT(EPOCH FROM TRANSACTION_TIMESTAMP()) AS ctime, datname, pid, usesysid, usename, application_name, client_addr, client_port, backend_start, xact_start, query_start, waiting, query , state, state_change FROM pg_stat_activity) TO STDOUT (FORMAT CSV);",active,2014-12-08 21:24:56.042162+01
1418070296.04216,dbt3,1121,10,mark,psql,,-1,2014-12-08 21:24:56.04053+01,2014-12-08 21:24:56.042168+01,2014-12-08 21:24:56.042168+01,f,"COPY (SELECT EXTRACT(EPOCH FROM TRANSACTION_TIMESTAMP()) AS ctime, relname, pid, mode, granted FROM pg_locks, pg_class WHERE relfilenode = relation ORDER BY relname) TO STDOUT (FORMAT CSV);",active,2014-12-08 21:24:56.042173+01
1418070296.04216,dbt3,1122,10,mark,psql,,-1,2014-12-08 21:24:56.040662+01,2014-12-08 21:24:56.043617+01,2014-12-08 21:24:56.043617+01,f,"COPY (SELECT EXTRACT(EPOCH FROM TRANSACTION_TIMESTAMP()) AS ctime, a.schemaname, a.relname, seq_scan, seq_tup_read, idx_scan, idx_tup_fetch, n_tup_ins, n_tup_upd, n_tup_del, n_tup_hot_upd, n_live_tup, n_dead_tup, heap_blks_read, heap_blks_hit, idx_blks_read, idx_blks_hit, toast_blks_read, toast_blks_hit, tidx_blks_read, tidx_blks_hit FROM pg_statio_all_tables a, pg_stat_all_tables b WHERE a.relid = b.relid) TO STDOUT (FORMAT CSV);",active,2014-12-08 21:24:56.043628+01
1418070356.04667,dbt3,1131,10,mark,psql,,-1,2014-12-08 21:25:13.186692+01,2014-12-08 21:25:13.188958+01,2014-12-08 21:25:13.188958+01,t,"
CREATE INDEX lineitem_l_shipdate_l_suppkey_brin_idx
ON lineitem USING BRIN (l_shipdate, l_suppkey);",active,2014-12-08 21:25:13.188967+01
1418070356.04667,dbt3,960,10,mark,psql,,-1,2014-12-08 21:14:17.943039+01,2014-12-08 21:14:17.945836+01,2014-12-08 21:14:17.945836+01,f,"
ALTER TABLE lineitem
ADD CONSTRAINT pk_lineitem PRIMARY KEY (l_orderkey, l_linenumber);",active,2014-12-08 21:14:17.945845+01
1418070356.04667,dbt3,1133,10,mark,psql,,-1,2014-12-08 21:25:13.188345+01,2014-12-08 21:25:13.191431+01,2014-12-08 21:25:13.191431+01,t,"
CREATE INDEX lineitem_l_orderkey_idx_brin_part2
ON lineitem USING BRIN (l_orderkey)
WHERE l_commitdate < l_receiptdate
  AND l_shipdate < l_commitdate;",active,2014-12-08 21:25:13.191441+01
1418070356.04667,dbt3,1134,10,mark,psql,,-1,2014-12-08 21:25:13.188467+01,2014-12-08 21:25:13.191551+01,2014-12-08 21:25:13.191551+01,t,"
CREATE INDEX lineitem_l_orderkey_idx_brin_part1
ON lineitem USING BRIN (l_orderkey)
WHERE l_commitdate < l_receiptdate;",active,2014-12-08 21:25:13.191559+01
1418070356.04667,dbt3,1132,10,mark,psql,,-1,2014-12-08 21:25:13.188139+01,2014-12-08 21:25:13.191441+01,2014-12-08 21:25:13.191441+01,t,"
CREATE INDEX lineitem_l_orderkey_brin_idx
ON lineitem USING BRIN (l_orderkey);",active,2014-12-08 21:25:13.19145+01
1418070356.04667,dbt3,1135,10,mark,psql,,-1,2014-12-08 21:25:13.188677+01,2014-12-08 21:25:13.191748+01,2014-12-08 21:25:13.191748+01,t,"
CREATE INDEX lineitem_l_partkey_l_quantity_brin_idx
ON lineitem USING BRIN (l_partkey, l_quantity);",active,2014-12-08 21:25:13.191757+01
1418070356.04667,dbt3,1136,10,mark,psql,,-1,2014-12-08 21:25:13.188852+01,2014-12-08 21:25:13.191701+01,2014-12-08 21:25:13.191701+01,t,"
CREATE INDEX lineitem_l_orderkey_l_linenumber_l_shipdate_brin_idx
ON lineitem USING BRIN (l_orderkey, l_linenumber, l_shipdate);",active,2014-12-08 21:25:13.19171+01
1418070356.04667,dbt3,1145,10,mark,psql,,-1,2014-12-08 21:25:56.043541+01,2014-12-08 21:25:56.045296+01,2014-12-08 21:25:56.045296+01,f,"COPY (SELECT EXTRACT(EPOCH FROM TRANSACTION_TIMESTAMP()) AS ctime, a.schemaname, a.relname, seq_scan, seq_tup_read, idx_scan, idx_tup_fetch, n_tup_ins, n_tup_upd, n_tup_del, n_tup_hot_upd, n_live_tup, n_dead_tup, heap_blks_read, heap_blks_hit, idx_blks_read, idx_blks_hit, toast_blks_read, toast_blks_hit, tidx_blks_read, tidx_blks_hit FROM pg_statio_all_tables a, pg_stat_all_tables b WHERE a.relid = b.relid) TO STDOUT (FORMAT CSV);",active,2014-12-08 21:25:56.045302+01
1418070356.04667,dbt3,1150,10,mark,psql,,-1,2014-12-08 21:25:56.043693+01,2014-12-08 21:25:56.045296+01,2014-12-08 21:25:56.045296+01,f,"COPY (SELECT EXTRACT(EPOCH FROM TRANSACTION_TIMESTAMP()) AS ctime, a.schemaname, a.relname, a.indexrelname, idx_scan, idx_tup_read, idx_tup_fetch, idx_blks_read, idx_blks_hit FROM pg_stat_all_indexes a, pg_statio_all_indexes b WHERE a.indexrelid = b.indexrelid) TO STDOUT (FORMAT CSV);",active,2014-12-08 21:25:56.045302+01
1418070356.04667,dbt3,1149,10,mark,psql,,-1,2014-12-08 21:25:56.043725+01,2014-12-08 21:25:56.046669+01,2014-12-08 21:25:56.046669+01,f,"COPY (SELECT EXTRACT(EPOCH FROM TRANSACTION_TIMESTAMP()) AS ctime, datname, pid, usesysid, usename, application_name, client_addr, client_port, backend_start, xact_start, query_start, waiting, query , state, state_change FROM pg_stat_activity) TO STDOUT (FORMAT CSV);",active,2014-12-08 21:25:56.046679+01
1418070356.04667,dbt3,1151,10,mark,psql,,-1,2014-12-08 21:25:56.044631+01,2014-12-08 21:25:56.047518+01,2014-12-08 21:25:56.047518+01,f,"COPY (SELECT EXTRACT(EPOCH FROM TRANSACTION_TIMESTAMP()) AS ctime, relname, pid, mode, granted FROM pg_locks, pg_class WHERE relfilenode = relation ORDER BY relname) TO STDOUT (FORMAT CSV);",active,2014-12-08 21:25:56.047529+01
1418070356.04667,dbt3,1152,10,mark,psql,,-1,2014-12-08 21:25:56.044908+01,2014-12-08 21:25:56.047681+01,2014-12-08 21:25:56.047681+01,f,"COPY (SELECT EXTRACT(EPOCH FROM TRANSACTION_TIMESTAMP()) AS ctime, datname, numbackends, xact_commit, xact_rollback, blks_read, blks_hit, tup_returned, tup_fetched, tup_inserted, tup_updated, tup_deleted FROM pg_stat_database) TO STDOUT (FORMAT CSV);",active,2014-12-08 21:25:56.047693+01
1418070416.05033,dbt3,1131,10,mark,psql,,-1,2014-12-08 21:25:13.186692+01,2014-12-08 21:25:13.188958+01,2014-12-08 21:25:13.188958+01,t,"
CREATE INDEX lineitem_l_shipdate_l_suppkey_brin_idx
ON lineitem USING BRIN (l_shipdate, l_suppkey);",active,2014-12-08 21:25:13.188967+01
1418070416.05033,dbt3,960,10,mark,psql,,-1,2014-12-08 21:14:17.943039+01,2014-12-08 21:14:17.945836+01,2014-12-08 21:14:17.945836+01,f,"
ALTER TABLE lineitem
ADD CONSTRAINT pk_lineitem PRIMARY KEY (l_orderkey, l_linenumber);",active,2014-12-08 21:14:17.945845+01
1418070416.05033,dbt3,1133,10,mark,psql,,-1,2014-12-08 21:25:13.188345+01,2014-12-08 21:25:13.191431+01,2014-12-08 21:25:13.191431+01,t,"
CREATE INDEX lineitem_l_orderkey_idx_brin_part2
ON lineitem USING BRIN (l_orderkey)
WHERE l_commitdate < l_receiptdate
  AND l_shipdate < l_commitdate;",active,2014-12-08 21:25:13.191441+01
1418070416.05033,dbt3,1134,10,mark,psql,,-1,2014-12-08 21:25:13.188467+01,2014-12-08 21:25:13.191551+01,2014-12-08 21:25:13.191551+01,t,"
CREATE INDEX lineitem_l_orderkey_idx_brin_part1
ON lineitem USING BRIN (l_orderkey)
WHERE l_commitdate < l_receiptdate;",active,2014-12-08 21:25:13.191559+01
1418070416.05033,dbt3,1132,10,mark,psql,,-1,2014-12-08 21:25:13.188139+01,2014-12-08 21:25:13.191441+01,2014-12-08 21:25:13.191441+01,t,"
CREATE INDEX lineitem_l_orderkey_brin_idx
ON lineitem USING BRIN (l_orderkey);",active,2014-12-08 21:25:13.19145+01
1418070416.05033,dbt3,1135,10,mark,psql,,-1,2014-12-08 21:25:13.188677+01,2014-12-08 21:25:13.191748+01,2014-12-08 21:25:13.191748+01,t,"
CREATE INDEX lineitem_l_partkey_l_quantity_brin_idx
ON lineitem USING BRIN (l_partkey, l_quantity);",active,2014-12-08 21:25:13.191757+01
1418070416.05033,dbt3,1136,10,mark,psql,,-1,2014-12-08 21:25:13.188852+01,2014-12-08 21:25:13.191701+01,2014-12-08 21:25:13.191701+01,t,"
CREATE INDEX lineitem_l_orderkey_l_linenumber_l_shipdate_brin_idx
ON lineitem USING BRIN (l_orderkey, l_linenumber, l_shipdate);",active,2014-12-08 21:25:13.19171+01
1418070416.05033,dbt3,1161,10,mark,psql,,-1,2014-12-08 21:26:56.045771+01,2014-12-08 21:26:56.047479+01,2014-12-08 21:26:56.047479+01,f,"COPY (SELECT EXTRACT(EPOCH FROM TRANSACTION_TIMESTAMP()) AS ctime, a.schemaname, a.relname, a.indexrelname, idx_scan, idx_tup_read, idx_tup_fetch, idx_blks_read, idx_blks_hit FROM pg_stat_all_indexes a, pg_statio_all_indexes b WHERE a.indexrelid = b.indexrelid) TO STDOUT (FORMAT CSV);",active,2014-12-08 21:26:56.047485+01
1418070416.05033,dbt3,1162,10,mark,psql,,-1,2014-12-08 21:26:56.045884+01,2014-12-08 21:26:56.047514+01,2014-12-08 21:26:56.047514+01,f,"COPY (SELECT EXTRACT(EPOCH FROM TRANSACTION_TIMESTAMP()) AS ctime, datname, numbackends, xact_commit, xact_rollback, blks_read, blks_hit, tup_returned, tup_fetched, tup_inserted, tup_updated, tup_deleted FROM pg_stat_database) TO STDOUT (FORMAT CSV);",active,2014-12-08 21:26:56.047519+01
1418070416.05033,dbt3,1163,10,mark,psql,,-1,2014-12-08 21:26:56.047373+01,2014-12-08 21:26:56.050305+01,2014-12-08 21:26:56.050305+01,f,"COPY (SELECT EXTRACT(EPOCH FROM TRANSACTION_TIMESTAMP()) AS ctime, a.schemaname, a.relname, seq_scan, seq_tup_read, idx_scan, idx_tup_fetch, n_tup_ins, n_tup_upd, n_tup_del, n_tup_hot_upd, n_live_tup, n_dead_tup, heap_blks_read, heap_blks_hit, idx_blks_read, idx_blks_hit, toast_blks_read, toast_blks_hit, tidx_blks_read, tidx_blks_hit FROM pg_statio_all_tables a, pg_stat_all_tables b WHERE a.relid = b.relid) TO STDOUT (FORMAT CSV);",active,2014-12-08 21:26:56.050316+01
1418070416.05033,dbt3,1164,10,mark,psql,,-1,2014-12-08 21:26:56.047566+01,2014-12-08 21:26:56.050326+01,2014-12-08 21:26:56.050326+01,f,"COPY (SELECT EXTRACT(EPOCH FROM TRANSACTION_TIMESTAMP()) AS ctime, datname, pid, usesysid, usename, application_name, client_addr, client_port, backend_start, xact_start, query_start, waiting, query , state, state_change FROM pg_stat_activity) TO STDOUT (FORMAT CSV);",active,2014-12-08 21:26:56.050335+01
1418070416.05033,dbt3,1165,10,mark,psql,,-1,2014-12-08 21:26:56.047735+01,2014-12-08 21:26:56.050622+01,2014-12-08 21:26:56.050622+01,f,"COPY (SELECT EXTRACT(EPOCH FROM TRANSACTION_TIMESTAMP()) AS ctime, relname, pid, mode, granted FROM pg_locks, pg_class WHERE relfilenode = relation ORDER BY relname) TO STDOUT (FORMAT CSV);",active,2014-12-08 21:26:56.050632+01
1418070476.0506,dbt3,1131,10,mark,psql,,-1,2014-12-08 21:25:13.186692+01,2014-12-08 21:25:13.188958+01,2014-12-08 21:25:13.188958+01,t,"
CREATE INDEX lineitem_l_shipdate_l_suppkey_brin_idx
ON lineitem USING BRIN (l_shipdate, l_suppkey);",active,2014-12-08 21:25:13.188967+01
1418070476.0506,dbt3,960,10,mark,psql,,-1,2014-12-08 21:14:17.943039+01,2014-12-08 21:14:17.945836+01,2014-12-08 21:14:17.945836+01,f,"
ALTER TABLE lineitem
ADD CONSTRAINT pk_lineitem PRIMARY KEY (l_orderkey, l_linenumber);",active,2014-12-08 21:14:17.945845+01
1418070476.0506,dbt3,1133,10,mark,psql,,-1,2014-12-08 21:25:13.188345+01,2014-12-08 21:25:13.191431+01,2014-12-08 21:25:13.191431+01,t,"
CREATE INDEX lineitem_l_orderkey_idx_brin_part2
ON lineitem USING BRIN (l_orderkey)
WHERE l_commitdate < l_receiptdate
  AND l_shipdate < l_commitdate;",active,2014-12-08 21:25:13.191441+01
1418070476.0506,dbt3,1134,10,mark,psql,,-1,2014-12-08 21:25:13.188467+01,2014-12-08 21:25:13.191551+01,2014-12-08 21:25:13.191551+01,t,"
CREATE INDEX lineitem_l_orderkey_idx_brin_part1
ON lineitem USING BRIN (l_orderkey)
WHERE l_commitdate < l_receiptdate;",active,2014-12-08 21:25:13.191559+01
1418070476.0506,dbt3,1132,10,mark,psql,,-1,2014-12-08 21:25:13.188139+01,2014-12-08 21:25:13.191441+01,2014-12-08 21:25:13.191441+01,t,"
CREATE INDEX lineitem_l_orderkey_brin_idx
ON lineitem USING BRIN (l_orderkey);",active,2014-12-08 21:25:13.19145+01
1418070476.0506,dbt3,1135,10,mark,psql,,-1,2014-12-08 21:25:13.188677+01,2014-12-08 21:25:13.191748+01,2014-12-08 21:25:13.191748+01,t,"
CREATE INDEX lineitem_l_partkey_l_quantity_brin_idx
ON lineitem USING BRIN (l_partkey, l_quantity);",active,2014-12-08 21:25:13.191757+01
1418070476.0506,dbt3,1136,10,mark,psql,,-1,2014-12-08 21:25:13.188852+01,2014-12-08 21:25:13.191701+01,2014-12-08 21:25:13.191701+01,t,"
CREATE INDEX lineitem_l_orderkey_l_linenumber_l_shipdate_brin_idx
ON lineitem USING BRIN (l_orderkey, l_linenumber, l_shipdate);",active,2014-12-08 21:25:13.19171+01
1418070476.0506,dbt3,1174,10,mark,psql,,-1,2014-12-08 21:27:56.048944+01,2014-12-08 21:27:56.050602+01,2014-12-08 21:27:56.050602+01,f,"COPY (SELECT EXTRACT(EPOCH FROM TRANSACTION_TIMESTAMP()) AS ctime, datname, pid, usesysid, usename, application_name, client_addr, client_port, backend_start, xact_start, query_start, waiting, query , state, state_change FROM pg_stat_activity) TO STDOUT (FORMAT CSV);",active,2014-12-08 21:27:56.050608+01
1418070476.0506,dbt3,1175,10,mark,psql,,-1,2014-12-08 21:27:56.04904+01,2014-12-08 21:27:56.050665+01,2014-12-08 21:27:56.050665+01,f,"COPY (SELECT EXTRACT(EPOCH FROM TRANSACTION_TIMESTAMP()) AS ctime, a.schemaname, a.relname, seq_scan, seq_tup_read, idx_scan, idx_tup_fetch, n_tup_ins, n_tup_upd, n_tup_del, n_tup_hot_upd, n_live_tup, n_dead_tup, heap_blks_read, heap_blks_hit, idx_blks_read, idx_blks_hit, toast_blks_read, toast_blks_hit, tidx_blks_read, tidx_blks_hit FROM pg_statio_all_tables a, pg_stat_all_tables b WHERE a.relid = b.relid) TO STDOUT (FORMAT CSV);",active,2014-12-08 21:27:56.05067+01
1418070476.0506,dbt3,1176,10,mark,psql,,-1,2014-12-08 21:27:56.049972+01,,,f,"",,
1418070476.0506,dbt3,1177,10,mark,psql,,-1,2014-12-08 21:27:56.050152+01,2014-12-08 21:27:56.051526+01,2014-12-08 21:27:56.051526+01,f,"COPY (SELECT EXTRACT(EPOCH FROM TRANSACTION_TIMESTAMP()) AS ctime, datname, numbackends, xact_commit, xact_rollback, blks_read, blks_hit, tup_returned, tup_fetched, tup_inserted, tup_updated, tup_deleted FROM pg_stat_database) TO STDOUT (FORMAT CSV);",active,2014-12-08 21:27:56.05153+01
1418070536.05296,dbt3,1131,10,mark,psql,,-1,2014-12-08 21:25:13.186692+01,2014-12-08 21:25:13.188958+01,2014-12-08 21:25:13.188958+01,t,"
CREATE INDEX lineitem_l_shipdate_l_suppkey_brin_idx
ON lineitem USING BRIN (l_shipdate, l_suppkey);",active,2014-12-08 21:25:13.188967+01
1418070536.05296,dbt3,960,10,mark,psql,,-1,2014-12-08 21:14:17.943039+01,2014-12-08 21:14:17.945836+01,2014-12-08 21:14:17.945836+01,f,"
ALTER TABLE lineitem
ADD CONSTRAINT pk_lineitem PRIMARY KEY (l_orderkey, l_linenumber);",active,2014-12-08 21:14:17.945845+01
1418070536.05296,dbt3,1133,10,mark,psql,,-1,2014-12-08 21:25:13.188345+01,2014-12-08 21:25:13.191431+01,2014-12-08 21:25:13.191431+01,t,"
CREATE INDEX lineitem_l_orderkey_idx_brin_part2
ON lineitem USING BRIN (l_orderkey)
WHERE l_commitdate < l_receiptdate
  AND l_shipdate < l_commitdate;",active,2014-12-08 21:25:13.191441+01
1418070536.05296,dbt3,1134,10,mark,psql,,-1,2014-12-08 21:25:13.188467+01,2014-12-08 21:25:13.191551+01,2014-12-08 21:25:13.191551+01,t,"
CREATE INDEX lineitem_l_orderkey_idx_brin_part1
ON lineitem USING BRIN (l_orderkey)
WHERE l_commitdate < l_receiptdate;",active,2014-12-08 21:25:13.191559+01
1418070536.05296,dbt3,1132,10,mark,psql,,-1,2014-12-08 21:25:13.188139+01,2014-12-08 21:25:13.191441+01,2014-12-08 21:25:13.191441+01,t,"
CREATE INDEX lineitem_l_orderkey_brin_idx
ON lineitem USING BRIN (l_orderkey);",active,2014-12-08 21:25:13.19145+01
1418070536.05296,dbt3,1135,10,mark,psql,,-1,2014-12-08 21:25:13.188677+01,2014-12-08 21:25:13.191748+01,2014-12-08 21:25:13.191748+01,t,"
CREATE INDEX lineitem_l_partkey_l_quantity_brin_idx
ON lineitem USING BRIN (l_partkey, l_quantity);",active,2014-12-08 21:25:13.191757+01
1418070536.05296,dbt3,1136,10,mark,psql,,-1,2014-12-08 21:25:13.188852+01,2014-12-08 21:25:13.191701+01,2014-12-08 21:25:13.191701+01,t,"
CREATE INDEX lineitem_l_orderkey_l_linenumber_l_shipdate_brin_idx
ON lineitem USING BRIN (l_orderkey, l_linenumber, l_shipdate);",active,2014-12-08 21:25:13.19171+01
1418070536.05296,dbt3,1187,10,mark,psql,,-1,2014-12-08 21:28:56.051216+01,2014-12-08 21:28:56.052971+01,2014-12-08 21:28:56.052971+01,f,"COPY (SELECT EXTRACT(EPOCH FROM TRANSACTION_TIMESTAMP()) AS ctime, a.schemaname, a.relname, seq_scan, seq_tup_read, idx_scan, idx_tup_fetch, n_tup_ins, n_tup_upd, n_tup_del, n_tup_hot_upd, n_live_tup, n_dead_tup, heap_blks_read, heap_blks_hit, idx_blks_read, idx_blks_hit, toast_blks_read, toast_blks_hit, tidx_blks_read, tidx_blks_hit FROM pg_statio_all_tables a, pg_stat_all_tables b WHERE a.relid = b.relid) TO STDOUT (FORMAT CSV);",active,2014-12-08 21:28:56.052976+01
1418070536.05296,dbt3,1188,10,mark,psql,,-1,2014-12-08 21:28:56.05131+01,2014-12-08 21:28:56.052956+01,2014-12-08 21:28:56.052956+01,f,"COPY (SELECT EXTRACT(EPOCH FROM TRANSACTION_TIMESTAMP()) AS ctime, datname, pid, usesysid, usename, application_name, client_addr, client_port, backend_start, xact_start, query_start, waiting, query , state, state_change FROM pg_stat_activity) TO STDOUT (FORMAT CSV);",active,2014-12-08 21:28:56.052962+01
1418070536.05296,dbt3,1189,10,mark,psql,,-1,2014-12-08 21:28:56.051637+01,2014-12-08 21:28:56.053023+01,2014-12-08 21:28:56.053023+01,f,"COPY (SELECT EXTRACT(EPOCH FROM TRANSACTION_TIMESTAMP()) AS ctime, a.schemaname, a.relname, a.indexrelname, idx_scan, idx_tup_read, idx_tup_fetch, idx_blks_read, idx_blks_hit FROM pg_stat_all_indexes a, pg_statio_all_indexes b WHERE a.indexrelid = b.indexrelid) TO STDOUT (FORMAT CSV);",active,2014-12-08 21:28:56.053027+01
1418070596.0595,dbt3,1131,10,mark,psql,,-1,2014-12-08 21:25:13.186692+01,2014-12-08 21:25:13.188958+01,2014-12-08 21:25:13.188958+01,t,"
CREATE INDEX lineitem_l_shipdate_l_suppkey_brin_idx
ON lineitem USING BRIN (l_shipdate, l_suppkey);",active,2014-12-08 21:25:13.188967+01
1418070596.0595,dbt3,960,10,mark,psql,,-1,2014-12-08 21:14:17.943039+01,2014-12-08 21:14:17.945836+01,2014-12-08 21:14:17.945836+01,f,"
ALTER TABLE lineitem
ADD CONSTRAINT pk_lineitem PRIMARY KEY (l_orderkey, l_linenumber);",active,2014-12-08 21:14:17.945845+01
1418070596.0595,dbt3,1133,10,mark,psql,,-1,2014-12-08 21:25:13.188345+01,2014-12-08 21:25:13.191431+01,2014-12-08 21:25:13.191431+01,t,"
CREATE INDEX lineitem_l_orderkey_idx_brin_part2
ON lineitem USING BRIN (l_orderkey)
WHERE l_commitdate < l_receiptdate
  AND l_shipdate < l_commitdate;",active,2014-12-08 21:25:13.191441+01
1418070596.0595,dbt3,1134,10,mark,psql,,-1,2014-12-08 21:25:13.188467+01,2014-12-08 21:25:13.191551+01,2014-12-08 21:25:13.191551+01,t,"
CREATE INDEX lineitem_l_orderkey_idx_brin_part1
ON lineitem USING BRIN (l_orderkey)
WHERE l_commitdate < l_receiptdate;",active,2014-12-08 21:25:13.191559+01
1418070596.0595,dbt3,1132,10,mark,psql,,-1,2014-12-08 21:25:13.188139+01,2014-12-08 21:25:13.191441+01,2014-12-08 21:25:13.191441+01,t,"
CREATE INDEX lineitem_l_orderkey_brin_idx
ON lineitem USING BRIN (l_orderkey);",active,2014-12-08 21:25:13.19145+01
1418070596.0595,dbt3,1135,10,mark,psql,,-1,2014-12-08 21:25:13.188677+01,2014-12-08 21:25:13.191748+01,2014-12-08 21:25:13.191748+01,t,"
CREATE INDEX lineitem_l_partkey_l_quantity_brin_idx
ON lineitem USING BRIN (l_partkey, l_quantity);",active,2014-12-08 21:25:13.191757+01
1418070596.0595,dbt3,1136,10,mark,psql,,-1,2014-12-08 21:25:13.188852+01,2014-12-08 21:25:13.191701+01,2014-12-08 21:25:13.191701+01,t,"
CREATE INDEX lineitem_l_orderkey_l_linenumber_l_shipdate_brin_idx
ON lineitem USING BRIN (l_orderkey, l_linenumber, l_shipdate);",active,2014-12-08 21:25:13.19171+01
1418070596.0595,dbt3,1200,10,mark,psql,,-1,2014-12-08 21:29:56.05622+01,2014-12-08 21:29:56.059496+01,2014-12-08 21:29:56.059496+01,f,"COPY (SELECT EXTRACT(EPOCH FROM TRANSACTION_TIMESTAMP()) AS ctime, relname, pid, mode, granted FROM pg_locks, pg_class WHERE relfilenode = relation ORDER BY relname) TO STDOUT (FORMAT CSV);",active,2014-12-08 21:29:56.059507+01
1418070596.0595,dbt3,1201,10,mark,psql,,-1,2014-12-08 21:29:56.056403+01,2014-12-08 21:29:56.059496+01,2014-12-08 21:29:56.059496+01,f,"COPY (SELECT EXTRACT(EPOCH FROM TRANSACTION_TIMESTAMP()) AS ctime, datname, pid, usesysid, usename, application_name, client_addr, client_port, backend_start, xact_start, query_start, waiting, query , state, state_change FROM pg_stat_activity) TO STDOUT (FORMAT CSV);",active,2014-12-08 21:29:56.059506+01
1418070596.0595,dbt3,1202,10,mark,psql,,-1,2014-12-08 21:29:56.056934+01,2014-12-08 21:29:56.058786+01,2014-12-08 21:29:56.058786+01,f,"COPY (SELECT EXTRACT(EPOCH FROM TRANSACTION_TIMESTAMP()) AS ctime, datname, numbackends, xact_commit, xact_rollback, blks_read, blks_hit, tup_returned, tup_fetched, tup_inserted, tup_updated, tup_deleted FROM pg_stat_database) TO STDOUT (FORMAT CSV);",active,2014-12-08 21:29:56.05879+01
1418070596.0595,dbt3,1203,10,mark,psql,,-1,2014-12-08 21:29:56.057129+01,2014-12-08 21:29:56.058778+01,2014-12-08 21:29:56.058778+01,f,"COPY (SELECT EXTRACT(EPOCH FROM TRANSACTION_TIMESTAMP()) AS ctime, a.schemaname, a.relname, seq_scan, seq_tup_read, idx_scan, idx_tup_fetch, n_tup_ins, n_tup_upd, n_tup_del, n_tup_hot_upd, n_live_tup, n_dead_tup, heap_blks_read, heap_blks_hit, idx_blks_read, idx_blks_hit, toast_blks_read, toast_blks_hit, tidx_blks_read, tidx_blks_hit FROM pg_statio_all_tables a, pg_stat_all_tables b WHERE a.relid = b.relid) TO STDOUT (FORMAT CSV);",active,2014-12-08 21:29:56.058784+01
1418070596.0595,dbt3,1204,10,mark,psql,,-1,2014-12-08 21:29:56.057236+01,2014-12-08 21:29:56.06007+01,2014-12-08 21:29:56.06007+01,f,"COPY (SELECT EXTRACT(EPOCH FROM TRANSACTION_TIMESTAMP()) AS ctime, a.schemaname, a.relname, a.indexrelname, idx_scan, idx_tup_read, idx_tup_fetch, idx_blks_read, idx_blks_hit FROM pg_stat_all_indexes a, pg_statio_all_indexes b WHERE a.indexrelid = b.indexrelid) TO STDOUT (FORMAT CSV);",active,2014-12-08 21:29:56.060078+01
1418070656.05903,dbt3,1131,10,mark,psql,,-1,2014-12-08 21:25:13.186692+01,2014-12-08 21:25:13.188958+01,2014-12-08 21:25:13.188958+01,f,"
CREATE INDEX lineitem_l_shipdate_l_suppkey_brin_idx
ON lineitem USING BRIN (l_shipdate, l_suppkey);",active,2014-12-08 21:25:13.188967+01
1418070656.05903,dbt3,1239,10,mark,psql,,-1,2014-12-08 21:30:56.057465+01,2014-12-08 21:30:56.059029+01,2014-12-08 21:30:56.059029+01,f,"COPY (SELECT EXTRACT(EPOCH FROM TRANSACTION_TIMESTAMP()) AS ctime, datname, pid, usesysid, usename, application_name, client_addr, client_port, backend_start, xact_start, query_start, waiting, query , state, state_change FROM pg_stat_activity) TO STDOUT (FORMAT CSV);",active,2014-12-08 21:30:56.059033+01
1418070656.05903,dbt3,1133,10,mark,psql,,-1,2014-12-08 21:25:13.188345+01,2014-12-08 21:25:13.191431+01,2014-12-08 21:25:13.191431+01,f,"
CREATE INDEX lineitem_l_orderkey_idx_brin_part2
ON lineitem USING BRIN (l_orderkey)
WHERE l_commitdate < l_receiptdate
  AND l_shipdate < l_commitdate;",active,2014-12-08 21:25:13.191441+01
1418070656.05903,dbt3,1134,10,mark,psql,,-1,2014-12-08 21:25:13.188467+01,2014-12-08 21:25:13.191551+01,2014-12-08 21:25:13.191551+01,f,"
CREATE INDEX lineitem_l_orderkey_idx_brin_part1
ON lineitem USING BRIN (l_orderkey)
WHERE l_commitdate < l_receiptdate;",active,2014-12-08 21:25:13.191559+01
1418070656.05903,dbt3,1132,10,mark,psql,,-1,2014-12-08 21:25:13.188139+01,2014-12-08 21:25:13.191441+01,2014-12-08 21:25:13.191441+01,f,"
CREATE INDEX lineitem_l_orderkey_brin_idx
ON lineitem USING BRIN (l_orderkey);",active,2014-12-08 21:25:13.19145+01
1418070656.05903,dbt3,1135,10,mark,psql,,-1,2014-12-08 21:25:13.188677+01,2014-12-08 21:25:13.191748+01,2014-12-08 21:25:13.191748+01,f,"
CREATE INDEX lineitem_l_partkey_l_quantity_brin_idx
ON lineitem USING BRIN (l_partkey, l_quantity);",active,2014-12-08 21:25:13.191757+01
1418070656.05903,dbt3,1136,10,mark,psql,,-1,2014-12-08 21:25:13.188852+01,2014-12-08 21:25:13.191701+01,2014-12-08 21:25:13.191701+01,f,"
CREATE INDEX lineitem_l_orderkey_l_linenumber_l_shipdate_brin_idx
ON lineitem USING BRIN (l_orderkey, l_linenumber, l_shipdate);",active,2014-12-08 21:25:13.19171+01
1418070656.05903,dbt3,1240,10,mark,psql,,-1,2014-12-08 21:30:56.057576+01,2014-12-08 21:30:56.059303+01,2014-12-08 21:30:56.059303+01,f,"COPY (SELECT EXTRACT(EPOCH FROM TRANSACTION_TIMESTAMP()) AS ctime, a.schemaname, a.relname, seq_scan, seq_tup_read, idx_scan, idx_tup_fetch, n_tup_ins, n_tup_upd, n_tup_del, n_tup_hot_upd, n_live_tup, n_dead_tup, heap_blks_read, heap_blks_hit, idx_blks_read, idx_blks_hit, toast_blks_read, toast_blks_hit, tidx_blks_read, tidx_blks_hit FROM pg_statio_all_tables a, pg_stat_all_tables b WHERE a.relid = b.relid) TO STDOUT (FORMAT CSV);",active,2014-12-08 21:30:56.059308+01
1418070656.05903,dbt3,1241,10,mark,psql,,-1,2014-12-08 21:30:56.057659+01,2014-12-08 21:30:56.059249+01,2014-12-08 21:30:56.059249+01,f,"COPY (SELECT EXTRACT(EPOCH FROM TRANSACTION_TIMESTAMP()) AS ctime, relname, pid, mode, granted FROM pg_locks, pg_class WHERE relfilenode = relation ORDER BY relname) TO STDOUT (FORMAT CSV);",active,2014-12-08 21:30:56.059254+01
1418070656.05903,dbt3,1242,10,mark,psql,,-1,2014-12-08 21:30:56.057736+01,2014-12-08 21:30:56.05927+01,2014-12-08 21:30:56.05927+01,f,"COPY (SELECT EXTRACT(EPOCH FROM TRANSACTION_TIMESTAMP()) AS ctime, datname, numbackends, xact_commit, xact_rollback, blks_read, blks_hit, tup_returned, tup_fetched, tup_inserted, tup_updated, tup_deleted FROM pg_stat_database) TO STDOUT (FORMAT CSV);",active,2014-12-08 21:30:56.059274+01
1418070656.05903,dbt3,1243,10,mark,psql,,-1,2014-12-08 21:30:56.057842+01,2014-12-08 21:30:56.059335+01,2014-12-08 21:30:56.059335+01,f,"COPY (SELECT EXTRACT(EPOCH FROM TRANSACTION_TIMESTAMP()) AS ctime, a.schemaname, a.relname, a.indexrelname, idx_scan, idx_tup_read, idx_tup_fetch, idx_blks_read, idx_blks_hit FROM pg_stat_all_indexes a, pg_statio_all_indexes b WHERE a.indexrelid = b.indexrelid) TO STDOUT (FORMAT CSV);",active,2014-12-08 21:30:56.059339+01
1418070716.062,dbt3,1246,10,mark,psql,,-1,2014-12-08 21:31:48.914704+01,2014-12-08 21:31:48.91809+01,2014-12-08 21:31:48.91809+01,f,VACUUM ANALYZE lineitem;,active,2014-12-08 21:31:48.9181+01
1418070716.062,dbt3,1254,10,mark,psql,,-1,2014-12-08 21:31:56.060143+01,2014-12-08 21:31:56.061997+01,2014-12-08 21:31:56.061997+01,f,"COPY (SELECT EXTRACT(EPOCH FROM TRANSACTION_TIMESTAMP()) AS ctime, datname, numbackends, xact_commit, xact_rollback, blks_read, blks_hit, tup_returned, tup_fetched, tup_inserted, tup_updated, tup_deleted FROM pg_stat_database) TO STDOUT (FORMAT CSV);",active,2014-12-08 21:31:56.062003+01
1418070716.062,dbt3,1255,10,mark,psql,,-1,2014-12-08 21:31:56.060296+01,2014-12-08 21:31:56.061997+01,2014-12-08 21:31:56.061997+01,f,"COPY (SELECT EXTRACT(EPOCH FROM TRANSACTION_TIMESTAMP()) AS ctime, datname, pid, usesysid, usename, application_name, client_addr, client_port, backend_start, xact_start, query_start, waiting, query , state, state_change FROM pg_stat_activity) TO STDOUT (FORMAT CSV);",active,2014-12-08 21:31:56.062003+01
1418070716.062,dbt3,1256,10,mark,psql,,-1,2014-12-08 21:31:56.060565+01,2014-12-08 21:31:56.063678+01,2014-12-08 21:31:56.063678+01,f,"COPY (SELECT EXTRACT(EPOCH FROM TRANSACTION_TIMESTAMP()) AS ctime, a.schemaname, a.relname, a.indexrelname, idx_scan, idx_tup_read, idx_tup_fetch, idx_blks_read, idx_blks_hit FROM pg_stat_all_indexes a, pg_statio_all_indexes b WHERE a.indexrelid = b.indexrelid) TO STDOUT (FORMAT CSV);",active,2014-12-08 21:31:56.063688+01
1418070716.062,dbt3,1257,10,mark,psql,,-1,2014-12-08 21:31:56.06106+01,,,f,"",,
